指标,province,year,value,Annual_GDD
粮食单位面积产量(公斤/公顷),Heilongjiang,2023,5282.62,1468.26
夏收粮食单位面积产量(公斤/公顷),Heilongjiang,2023,,1468.26
秋粮单位面积产量(公斤/公顷),Heilongjiang,2023,,1468.26
谷物单位面积产量(公斤/公顷),Heilongjiang,2023,7003.32,1468.26
小麦单位面积产量(公斤/公顷),Heilongjiang,2023,,1468.26
玉米单位面积产量(公斤/公顷),Heilongjiang,2023,,1468.26
谷子单位面积产量(公斤/公顷),Heilongjiang,2023,,1468.26
高粱单位面积产量(公斤/公顷),Heilongjiang,2023,,1468.26
其他谷物单位面积产量(公斤/公顷),Heilongjiang,2023,,1468.26
大麦单位面积产量(公斤/公顷),Heilongjiang,2023,,1468.26
豆类单位面积产量(公斤/公顷),Heilongjiang,2023,,1468.26
薯类单位面积产量(公斤/公顷),Heilongjiang,2023,,1468.26
棉花单位面积产量(公斤/公顷),Heilongjiang,2023,,1468.26
油料单位面积产量(公斤/公顷),Heilongjiang,2023,,1468.26
麻类单位面积产量(公斤/公顷),Heilongjiang,2023,,1468.26
烟叶单位面积产量(公斤/公顷),Heilongjiang,2023,,1468.26
烤烟单位面积产量(公斤/公顷),Heilongjiang,2023,2723.9,1468.26
糖料单位面积产量(公斤/公顷),Heilongjiang,2023,,1468.26
甘蔗单位面积产量(公斤/公顷),Heilongjiang,2023,,1468.26
甜菜单位面积产量(公斤/公顷),Heilongjiang,2023,58859.74,1468.26
蔬菜单位面积产量(公斤/公顷),Heilongjiang,2023,,1468.26
粮食单位面积产量(公斤/公顷),Jilin,2023,7186.38,1553.7
夏收粮食单位面积产量(公斤/公顷),Jilin,2023,,1553.7
秋粮单位面积产量(公斤/公顷),Jilin,2023,,1553.7
谷物单位面积产量(公斤/公顷),Jilin,2023,7533.19,1553.7
小麦单位面积产量(公斤/公顷),Jilin,2023,,1553.7
玉米单位面积产量(公斤/公顷),Jilin,2023,,1553.7
谷子单位面积产量(公斤/公顷),Jilin,2023,,1553.7
高粱单位面积产量(公斤/公顷),Jilin,2023,,1553.7
其他谷物单位面积产量(公斤/公顷),Jilin,2023,,1553.7
大麦单位面积产量(公斤/公顷),Jilin,2023,,1553.7
豆类单位面积产量(公斤/公顷),Jilin,2023,,1553.7
薯类单位面积产量(公斤/公顷),Jilin,2023,,1553.7
棉花单位面积产量(公斤/公顷),Jilin,2023,,1553.7
油料单位面积产量(公斤/公顷),Jilin,2023,,1553.7
麻类单位面积产量(公斤/公顷),Jilin,2023,,1553.7
烟叶单位面积产量(公斤/公顷),Jilin,2023,,1553.7
烤烟单位面积产量(公斤/公顷),Jilin,2023,2331.7,1553.7
糖料单位面积产量(公斤/公顷),Jilin,2023,,1553.7
甘蔗单位面积产量(公斤/公顷),Jilin,2023,,1553.7
甜菜单位面积产量(公斤/公顷),Jilin,2023,52401.32,1553.7
蔬菜单位面积产量(公斤/公顷),Jilin,2023,,1553.7
粮食单位面积产量(公斤/公顷),Liaoning,2023,7163.55,1854.34
夏收粮食单位面积产量(公斤/公顷),Liaoning,2023,,1854.34
秋粮单位面积产量(公斤/公顷),Liaoning,2023,,1854.34
谷物单位面积产量(公斤/公顷),Liaoning,2023,7392.9,1854.34
小麦单位面积产量(公斤/公顷),Liaoning,2023,,1854.34
玉米单位面积产量(公斤/公顷),Liaoning,2023,,1854.34
谷子单位面积产量(公斤/公顷),Liaoning,2023,,1854.34
高粱单位面积产量(公斤/公顷),Liaoning,2023,,1854.34
其他谷物单位面积产量(公斤/公顷),Liaoning,2023,,1854.34
大麦单位面积产量(公斤/公顷),Liaoning,2023,,1854.34
豆类单位面积产量(公斤/公顷),Liaoning,2023,,1854.34
薯类单位面积产量(公斤/公顷),Liaoning,2023,,1854.34
棉花单位面积产量(公斤/公顷),Liaoning,2023,,1854.34
油料单位面积产量(公斤/公顷),Liaoning,2023,,1854.34
麻类单位面积产量(公斤/公顷),Liaoning,2023,,1854.34
烟叶单位面积产量(公斤/公顷),Liaoning,2023,,1854.34
烤烟单位面积产量(公斤/公顷),Liaoning,2023,2804.83,1854.34
糖料单位面积产量(公斤/公顷),Liaoning,2023,,1854.34
甘蔗单位面积产量(公斤/公顷),Liaoning,2023,,1854.34
甜菜单位面积产量(公斤/公顷),Liaoning,2023,64126.07,1854.34
蔬菜单位面积产量(公斤/公顷),Liaoning,2023,,1854.34
粮食单位面积产量(公斤/公顷),Heilongjiang,2022,5287.08,1347.9
夏收粮食单位面积产量(公斤/公顷),Heilongjiang,2022,,1347.9
秋粮单位面积产量(公斤/公顷),Heilongjiang,2022,5287.08,1347.9
谷物单位面积产量(公斤/公顷),Heilongjiang,2022,7047.32,1347.9
小麦单位面积产量(公斤/公顷),Heilongjiang,2022,3941.08,1347.9
玉米单位面积产量(公斤/公顷),Heilongjiang,2022,6764.32,1347.9
谷子单位面积产量(公斤/公顷),Heilongjiang,2022,3185.15,1347.9
高粱单位面积产量(公斤/公顷),Heilongjiang,2022,5066.59,1347.9
其他谷物单位面积产量(公斤/公顷),Heilongjiang,2022,,1347.9
大麦单位面积产量(公斤/公顷),Heilongjiang,2022,,1347.9
豆类单位面积产量(公斤/公顷),Heilongjiang,2022,1923.0,1347.9
薯类单位面积产量(公斤/公顷),Heilongjiang,2022,5018.26,1347.9
棉花单位面积产量(公斤/公顷),Heilongjiang,2022,,1347.9
油料单位面积产量(公斤/公顷),Heilongjiang,2022,3598.15,1347.9
麻类单位面积产量(公斤/公顷),Heilongjiang,2022,7160.52,1347.9
烟叶单位面积产量(公斤/公顷),Heilongjiang,2022,2768.37,1347.9
烤烟单位面积产量(公斤/公顷),Heilongjiang,2022,2773.78,1347.9
糖料单位面积产量(公斤/公顷),Heilongjiang,2022,51702.84,1347.9
甘蔗单位面积产量(公斤/公顷),Heilongjiang,2022,,1347.9
甜菜单位面积产量(公斤/公顷),Heilongjiang,2022,51702.84,1347.9
蔬菜单位面积产量(公斤/公顷),Heilongjiang,2022,46661.52,1347.9
粮食单位面积产量(公斤/公顷),Jilin,2022,7053.91,1400.32
夏收粮食单位面积产量(公斤/公顷),Jilin,2022,,1400.32
秋粮单位面积产量(公斤/公顷),Jilin,2022,7053.91,1400.32
谷物单位面积产量(公斤/公顷),Jilin,2022,7399.25,1400.32
小麦单位面积产量(公斤/公顷),Jilin,2022,3222.43,1400.32
玉米单位面积产量(公斤/公顷),Jilin,2022,7289.25,1400.32
谷子单位面积产量(公斤/公顷),Jilin,2022,3911.36,1400.32
高粱单位面积产量(公斤/公顷),Jilin,2022,6909.14,1400.32
其他谷物单位面积产量(公斤/公顷),Jilin,2022,,1400.32
大麦单位面积产量(公斤/公顷),Jilin,2022,,1400.32
豆类单位面积产量(公斤/公顷),Jilin,2022,2140.79,1400.32
薯类单位面积产量(公斤/公顷),Jilin,2022,6230.64,1400.32
棉花单位面积产量(公斤/公顷),Jilin,2022,,1400.32
油料单位面积产量(公斤/公顷),Jilin,2022,3650.38,1400.32
麻类单位面积产量(公斤/公顷),Jilin,2022,,1400.32
烟叶单位面积产量(公斤/公顷),Jilin,2022,2656.81,1400.32
烤烟单位面积产量(公斤/公顷),Jilin,2022,2274.49,1400.32
糖料单位面积产量(公斤/公顷),Jilin,2022,45364.48,1400.32
甘蔗单位面积产量(公斤/公顷),Jilin,2022,,1400.32
甜菜单位面积产量(公斤/公顷),Jilin,2022,45364.48,1400.32
蔬菜单位面积产量(公斤/公顷),Jilin,2022,37131.54,1400.32
粮食单位面积产量(公斤/公顷),Liaoning,2022,6976.08,1649.22
夏收粮食单位面积产量(公斤/公顷),Liaoning,2022,,1649.22
秋粮单位面积产量(公斤/公顷),Liaoning,2022,6976.08,1649.22
谷物单位面积产量(公斤/公顷),Liaoning,2022,7189.01,1649.22
小麦单位面积产量(公斤/公顷),Liaoning,2022,4085.84,1649.22
玉米单位面积产量(公斤/公顷),Liaoning,2022,7103.57,1649.22
谷子单位面积产量(公斤/公顷),Liaoning,2022,3719.39,1649.22
高粱单位面积产量(公斤/公顷),Liaoning,2022,5649.2,1649.22
其他谷物单位面积产量(公斤/公顷),Liaoning,2022,,1649.22
大麦单位面积产量(公斤/公顷),Liaoning,2022,,1649.22
豆类单位面积产量(公斤/公顷),Liaoning,2022,2314.38,1649.22
薯类单位面积产量(公斤/公顷),Liaoning,2022,4250.49,1649.22
棉花单位面积产量(公斤/公顷),Liaoning,2022,900.0,1649.22
油料单位面积产量(公斤/公顷),Liaoning,2022,3640.61,1649.22
麻类单位面积产量(公斤/公顷),Liaoning,2022,,1649.22
烟叶单位面积产量(公斤/公顷),Liaoning,2022,2758.0,1649.22
烤烟单位面积产量(公斤/公顷),Liaoning,2022,2817.94,1649.22
糖料单位面积产量(公斤/公顷),Liaoning,2022,63225.96,1649.22
甘蔗单位面积产量(公斤/公顷),Liaoning,2022,,1649.22
甜菜单位面积产量(公斤/公顷),Liaoning,2022,63225.96,1649.22
蔬菜单位面积产量(公斤/公顷),Liaoning,2022,61177.37,1649.22
粮食单位面积产量(公斤/公顷),Heilongjiang,2021,5406.89,1368.82
夏收粮食单位面积产量(公斤/公顷),Heilongjiang,2021,,1368.82
秋粮单位面积产量(公斤/公顷),Heilongjiang,2021,5406.89,1368.82
谷物单位面积产量(公斤/公顷),Heilongjiang,2021,6770.05,1368.82
小麦单位面积产量(公斤/公顷),Heilongjiang,2021,3906.15,1368.82
玉米单位面积产量(公斤/公顷),Heilongjiang,2021,6359.72,1368.82
谷子单位面积产量(公斤/公顷),Heilongjiang,2021,3403.99,1368.82
高粱单位面积产量(公斤/公顷),Heilongjiang,2021,4864.88,1368.82
其他谷物单位面积产量(公斤/公顷),Heilongjiang,2021,,1368.82
大麦单位面积产量(公斤/公顷),Heilongjiang,2021,,1368.82
豆类单位面积产量(公斤/公顷),Heilongjiang,2021,1833.25,1368.82
薯类单位面积产量(公斤/公顷),Heilongjiang,2021,4774.49,1368.82
棉花单位面积产量(公斤/公顷),Heilongjiang,2021,,1368.82
油料单位面积产量(公斤/公顷),Heilongjiang,2021,3308.33,1368.82
麻类单位面积产量(公斤/公顷),Heilongjiang,2021,6959.48,1368.82
烟叶单位面积产量(公斤/公顷),Heilongjiang,2021,2797.78,1368.82
烤烟单位面积产量(公斤/公顷),Heilongjiang,2021,2794.82,1368.82
糖料单位面积产量(公斤/公顷),Heilongjiang,2021,46917.11,1368.82
甘蔗单位面积产量(公斤/公顷),Heilongjiang,2021,,1368.82
甜菜单位面积产量(公斤/公顷),Heilongjiang,2021,46917.11,1368.82
蔬菜单位面积产量(公斤/公顷),Heilongjiang,2021,46090.95,1368.82
粮食单位面积产量(公斤/公顷),Jilin,2021,7060.07,1471.94
夏收粮食单位面积产量(公斤/公顷),Jilin,2021,,1471.94
秋粮单位面积产量(公斤/公顷),Jilin,2021,7060.07,1471.94
谷物单位面积产量(公斤/公顷),Jilin,2021,7363.4,1471.94
小麦单位面积产量(公斤/公顷),Jilin,2021,3631.65,1471.94
玉米单位面积产量(公斤/公顷),Jilin,2021,7267.15,1471.94
谷子单位面积产量(公斤/公顷),Jilin,2021,3690.0,1471.94
高粱单位面积产量(公斤/公顷),Jilin,2021,6742.05,1471.94
其他谷物单位面积产量(公斤/公顷),Jilin,2021,,1471.94
大麦单位面积产量(公斤/公顷),Jilin,2021,,1471.94
豆类单位面积产量(公斤/公顷),Jilin,2021,2006.51,1471.94
薯类单位面积产量(公斤/公顷),Jilin,2021,5840.55,1471.94
棉花单位面积产量(公斤/公顷),Jilin,2021,,1471.94
油料单位面积产量(公斤/公顷),Jilin,2021,3367.91,1471.94
麻类单位面积产量(公斤/公顷),Jilin,2021,,1471.94
烟叶单位面积产量(公斤/公顷),Jilin,2021,2619.67,1471.94
烤烟单位面积产量(公斤/公顷),Jilin,2021,2155.44,1471.94
糖料单位面积产量(公斤/公顷),Jilin,2021,44638.54,1471.94
甘蔗单位面积产量(公斤/公顷),Jilin,2021,,1471.94
甜菜单位面积产量(公斤/公顷),Jilin,2021,44638.54,1471.94
蔬菜单位面积产量(公斤/公顷),Jilin,2021,37539.91,1471.94
粮食单位面积产量(公斤/公顷),Liaoning,2021,7164.39,1698.79
夏收粮食单位面积产量(公斤/公顷),Liaoning,2021,,1698.79
秋粮单位面积产量(公斤/公顷),Liaoning,2021,7164.39,1698.79
谷物单位面积产量(公斤/公顷),Liaoning,2021,7376.8,1698.79
小麦单位面积产量(公斤/公顷),Liaoning,2021,3989.35,1698.79
玉米单位面积产量(公斤/公顷),Liaoning,2021,7372.5,1698.79
谷子单位面积产量(公斤/公顷),Liaoning,2021,3638.85,1698.79
高粱单位面积产量(公斤/公顷),Liaoning,2021,5546.88,1698.79
其他谷物单位面积产量(公斤/公顷),Liaoning,2021,,1698.79
大麦单位面积产量(公斤/公顷),Liaoning,2021,,1698.79
豆类单位面积产量(公斤/公顷),Liaoning,2021,2371.73,1698.79
薯类单位面积产量(公斤/公顷),Liaoning,2021,4346.31,1698.79
棉花单位面积产量(公斤/公顷),Liaoning,2021,,1698.79
油料单位面积产量(公斤/公顷),Liaoning,2021,3469.93,1698.79
麻类单位面积产量(公斤/公顷),Liaoning,2021,,1698.79
烟叶单位面积产量(公斤/公顷),Liaoning,2021,2672.24,1698.79
烤烟单位面积产量(公斤/公顷),Liaoning,2021,2693.82,1698.79
糖料单位面积产量(公斤/公顷),Liaoning,2021,60280.44,1698.79
甘蔗单位面积产量(公斤/公顷),Liaoning,2021,,1698.79
甜菜单位面积产量(公斤/公顷),Liaoning,2021,60280.44,1698.79
蔬菜单位面积产量(公斤/公顷),Liaoning,2021,60533.56,1698.79
粮食单位面积产量(公斤/公顷),Heilongjiang,2020,5222.73,1349.66
夏收粮食单位面积产量(公斤/公顷),Heilongjiang,2020,,1349.66
秋粮单位面积产量(公斤/公顷),Heilongjiang,2020,5222.73,1349.66
谷物单位面积产量(公斤/公顷),Heilongjiang,2020,6968.29,1349.66
小麦单位面积产量(公斤/公顷),Heilongjiang,2020,3839.39,1349.66
玉米单位面积产量(公斤/公顷),Heilongjiang,2020,6653.58,1349.66
谷子单位面积产量(公斤/公顷),Heilongjiang,2020,3090.56,1349.66
高粱单位面积产量(公斤/公顷),Heilongjiang,2020,4836.34,1349.66
其他谷物单位面积产量(公斤/公顷),Heilongjiang,2020,,1349.66
大麦单位面积产量(公斤/公顷),Heilongjiang,2020,,1349.66
豆类单位面积产量(公斤/公顷),Heilongjiang,2020,1890.23,1349.66
薯类单位面积产量(公斤/公顷),Heilongjiang,2020,4585.29,1349.66
棉花单位面积产量(公斤/公顷),Heilongjiang,2020,,1349.66
油料单位面积产量(公斤/公顷),Heilongjiang,2020,2951.13,1349.66
麻类单位面积产量(公斤/公顷),Heilongjiang,2020,6040.05,1349.66
烟叶单位面积产量(公斤/公顷),Heilongjiang,2020,2695.4,1349.66
烤烟单位面积产量(公斤/公顷),Heilongjiang,2020,2721.27,1349.66
糖料单位面积产量(公斤/公顷),Heilongjiang,2020,45627.98,1349.66
甘蔗单位面积产量(公斤/公顷),Heilongjiang,2020,,1349.66
甜菜单位面积产量(公斤/公顷),Heilongjiang,2020,45627.98,1349.66
蔬菜单位面积产量(公斤/公顷),Heilongjiang,2020,44253.31,1349.66
粮食单位面积产量(公斤/公顷),Jilin,2020,6693.61,1522.42
夏收粮食单位面积产量(公斤/公顷),Jilin,2020,,1522.42
秋粮单位面积产量(公斤/公顷),Jilin,2020,6693.61,1522.42
谷物单位面积产量(公斤/公顷),Jilin,2020,7053.31,1522.42
小麦单位面积产量(公斤/公顷),Jilin,2020,3513.75,1522.42
玉米单位面积产量(公斤/公顷),Jilin,2020,6935.55,1522.42
谷子单位面积产量(公斤/公顷),Jilin,2020,3667.94,1522.42
高粱单位面积产量(公斤/公顷),Jilin,2020,6304.8,1522.42
其他谷物单位面积产量(公斤/公顷),Jilin,2020,,1522.42
大麦单位面积产量(公斤/公顷),Jilin,2020,,1522.42
豆类单位面积产量(公斤/公顷),Jilin,2020,1849.66,1522.42
薯类单位面积产量(公斤/公顷),Jilin,2020,7161.29,1522.42
棉花单位面积产量(公斤/公顷),Jilin,2020,,1522.42
油料单位面积产量(公斤/公顷),Jilin,2020,3175.82,1522.42
麻类单位面积产量(公斤/公顷),Jilin,2020,1560.0,1522.42
烟叶单位面积产量(公斤/公顷),Jilin,2020,2616.42,1522.42
烤烟单位面积产量(公斤/公顷),Jilin,2020,2142.35,1522.42
糖料单位面积产量(公斤/公顷),Jilin,2020,37936.01,1522.42
甘蔗单位面积产量(公斤/公顷),Jilin,2020,,1522.42
甜菜单位面积产量(公斤/公顷),Jilin,2020,37936.01,1522.42
蔬菜单位面积产量(公斤/公顷),Jilin,2020,36705.88,1522.42
粮食单位面积产量(公斤/公顷),Liaoning,2020,6630.93,1803.92
夏收粮食单位面积产量(公斤/公顷),Liaoning,2020,,1803.92
秋粮单位面积产量(公斤/公顷),Liaoning,2020,6630.93,1803.92
谷物单位面积产量(公斤/公顷),Liaoning,2020,6828.41,1803.92
小麦单位面积产量(公斤/公顷),Liaoning,2020,5410.77,1803.92
玉米单位面积产量(公斤/公顷),Liaoning,2020,6645.59,1803.92
谷子单位面积产量(公斤/公顷),Liaoning,2020,2813.56,1803.92
高粱单位面积产量(公斤/公顷),Liaoning,2020,4607.07,1803.92
其他谷物单位面积产量(公斤/公顷),Liaoning,2020,,1803.92
大麦单位面积产量(公斤/公顷),Liaoning,2020,,1803.92
豆类单位面积产量(公斤/公顷),Liaoning,2020,2204.51,1803.92
薯类单位面积产量(公斤/公顷),Liaoning,2020,4445.54,1803.92
棉花单位面积产量(公斤/公顷),Liaoning,2020,2000.0,1803.92
油料单位面积产量(公斤/公顷),Liaoning,2020,3218.84,1803.92
麻类单位面积产量(公斤/公顷),Liaoning,2020,,1803.92
烟叶单位面积产量(公斤/公顷),Liaoning,2020,3003.02,1803.92
烤烟单位面积产量(公斤/公顷),Liaoning,2020,2934.61,1803.92
糖料单位面积产量(公斤/公顷),Liaoning,2020,61404.7,1803.92
甘蔗单位面积产量(公斤/公顷),Liaoning,2020,,1803.92
甜菜单位面积产量(公斤/公顷),Liaoning,2020,61404.7,1803.92
蔬菜单位面积产量(公斤/公顷),Liaoning,2020,60200.49,1803.92
粮食单位面积产量(公斤/公顷),Heilongjiang,2019,5232.92,1373.36
夏收粮食单位面积产量(公斤/公顷),Heilongjiang,2019,,1373.36
秋粮单位面积产量(公斤/公顷),Heilongjiang,2019,5232.92,1373.36
谷物单位面积产量(公斤/公顷),Heilongjiang,2019,6786.28,1373.36
小麦单位面积产量(公斤/公顷),Heilongjiang,2019,3643.14,1373.36
玉米单位面积产量(公斤/公顷),Heilongjiang,2019,6706.5,1373.36
谷子单位面积产量(公斤/公顷),Heilongjiang,2019,3425.1,1373.36
高粱单位面积产量(公斤/公顷),Heilongjiang,2019,5383.3,1373.36
其他谷物单位面积产量(公斤/公顷),Heilongjiang,2019,,1373.36
大麦单位面积产量(公斤/公顷),Heilongjiang,2019,,1373.36
豆类单位面积产量(公斤/公顷),Heilongjiang,2019,1803.5,1373.36
薯类单位面积产量(公斤/公顷),Heilongjiang,2019,4594.79,1373.36
棉花单位面积产量(公斤/公顷),Heilongjiang,2019,,1373.36
油料单位面积产量(公斤/公顷),Heilongjiang,2019,2234.32,1373.36
麻类单位面积产量(公斤/公顷),Heilongjiang,2019,5800.71,1373.36
烟叶单位面积产量(公斤/公顷),Heilongjiang,2019,2599.06,1373.36
烤烟单位面积产量(公斤/公顷),Heilongjiang,2019,2610.43,1373.36
糖料单位面积产量(公斤/公顷),Heilongjiang,2019,46773.34,1373.36
甘蔗单位面积产量(公斤/公顷),Heilongjiang,2019,,1373.36
甜菜单位面积产量(公斤/公顷),Heilongjiang,2019,46773.34,1373.36
蔬菜单位面积产量(公斤/公顷),Heilongjiang,2019,44569.53,1373.36
粮食单位面积产量(公斤/公顷),Jilin,2019,6869.76,1548.56
夏收粮食单位面积产量(公斤/公顷),Jilin,2019,,1548.56
秋粮单位面积产量(公斤/公顷),Jilin,2019,6869.76,1548.56
谷物单位面积产量(公斤/公顷),Jilin,2019,7257.18,1548.56
小麦单位面积产量(公斤/公顷),Jilin,2019,3775.51,1548.56
玉米单位面积产量(公斤/公顷),Jilin,2019,7217.02,1548.56
谷子单位面积产量(公斤/公顷),Jilin,2019,3622.38,1548.56
高粱单位面积产量(公斤/公顷),Jilin,2019,5994.8,1548.56
其他谷物单位面积产量(公斤/公顷),Jilin,2019,,1548.56
大麦单位面积产量(公斤/公顷),Jilin,2019,,1548.56
豆类单位面积产量(公斤/公顷),Jilin,2019,1907.78,1548.56
薯类单位面积产量(公斤/公顷),Jilin,2019,6687.94,1548.56
棉花单位面积产量(公斤/公顷),Jilin,2019,,1548.56
油料单位面积产量(公斤/公顷),Jilin,2019,3177.62,1548.56
麻类单位面积产量(公斤/公顷),Jilin,2019,4228.07,1548.56
烟叶单位面积产量(公斤/公顷),Jilin,2019,2863.62,1548.56
烤烟单位面积产量(公斤/公顷),Jilin,2019,2545.51,1548.56
糖料单位面积产量(公斤/公顷),Jilin,2019,33547.76,1548.56
甘蔗单位面积产量(公斤/公顷),Jilin,2019,,1548.56
甜菜单位面积产量(公斤/公顷),Jilin,2019,33547.76,1548.56
蔬菜单位面积产量(公斤/公顷),Jilin,2019,36672.15,1548.56
粮食单位面积产量(公斤/公顷),Liaoning,2019,6965.16,1908.31
夏收粮食单位面积产量(公斤/公顷),Liaoning,2019,,1908.31
秋粮单位面积产量(公斤/公顷),Liaoning,2019,6965.16,1908.31
谷物单位面积产量(公斤/公顷),Liaoning,2019,7192.05,1908.31
小麦单位面积产量(公斤/公顷),Liaoning,2019,5775.0,1908.31
玉米单位面积产量(公斤/公顷),Liaoning,2019,7044.59,1908.31
谷子单位面积产量(公斤/公顷),Liaoning,2019,3855.0,1908.31
高粱单位面积产量(公斤/公顷),Liaoning,2019,6372.75,1908.31
其他谷物单位面积产量(公斤/公顷),Liaoning,2019,,1908.31
大麦单位面积产量(公斤/公顷),Liaoning,2019,,1908.31
豆类单位面积产量(公斤/公顷),Liaoning,2019,2445.67,1908.31
薯类单位面积产量(公斤/公顷),Liaoning,2019,3410.33,1908.31
棉花单位面积产量(公斤/公顷),Liaoning,2019,2200.0,1908.31
油料单位面积产量(公斤/公顷),Liaoning,2019,3327.77,1908.31
麻类单位面积产量(公斤/公顷),Liaoning,2019,1600.0,1908.31
烟叶单位面积产量(公斤/公顷),Liaoning,2019,2700.89,1908.31
烤烟单位面积产量(公斤/公顷),Liaoning,2019,2736.33,1908.31
糖料单位面积产量(公斤/公顷),Liaoning,2019,60291.44,1908.31
甘蔗单位面积产量(公斤/公顷),Liaoning,2019,,1908.31
甜菜单位面积产量(公斤/公顷),Liaoning,2019,60291.44,1908.31
蔬菜单位面积产量(公斤/公顷),Liaoning,2019,60400.13,1908.31
粮食单位面积产量(公斤/公顷),Heilongjiang,2018,5281.07,1477.91
夏收粮食单位面积产量(公斤/公顷),Heilongjiang,2018,,1477.91
秋粮单位面积产量(公斤/公顷),Heilongjiang,2018,5281.07,1477.91
谷物单位面积产量(公斤/公顷),Heilongjiang,2018,6543.14,1477.91
小麦单位面积产量(公斤/公顷),Heilongjiang,2018,3306.56,1477.91
玉米单位面积产量(公斤/公顷),Heilongjiang,2018,6303.05,1477.91
谷子单位面积产量(公斤/公顷),Heilongjiang,2018,3550.64,1477.91
高粱单位面积产量(公斤/公顷),Heilongjiang,2018,4993.48,1477.91
其他谷物单位面积产量(公斤/公顷),Heilongjiang,2018,3171.67,1477.91
大麦单位面积产量(公斤/公顷),Heilongjiang,2018,3471.25,1477.91
豆类单位面积产量(公斤/公顷),Heilongjiang,2018,1813.25,1477.91
薯类单位面积产量(公斤/公顷),Heilongjiang,2018,5037.8,1477.91
棉花单位面积产量(公斤/公顷),Heilongjiang,2018,,1477.91
油料单位面积产量(公斤/公顷),Heilongjiang,2018,2176.65,1477.91
麻类单位面积产量(公斤/公顷),Heilongjiang,2018,6278.69,1477.91
烟叶单位面积产量(公斤/公顷),Heilongjiang,2018,2822.21,1477.91
烤烟单位面积产量(公斤/公顷),Heilongjiang,2018,2830.8,1477.91
糖料单位面积产量(公斤/公顷),Heilongjiang,2018,43995.72,1477.91
甘蔗单位面积产量(公斤/公顷),Heilongjiang,2018,,1477.91
甜菜单位面积产量(公斤/公顷),Heilongjiang,2018,43995.72,1477.91
蔬菜单位面积产量(公斤/公顷),Heilongjiang,2018,39277.74,1477.91
粮食单位面积产量(公斤/公顷),Jilin,2018,6487.36,1618.99
夏收粮食单位面积产量(公斤/公顷),Jilin,2018,,1618.99
秋粮单位面积产量(公斤/公顷),Jilin,2018,6487.36,1618.99
谷物单位面积产量(公斤/公顷),Jilin,2018,6782.94,1618.99
小麦单位面积产量(公斤/公顷),Jilin,2018,326.11,1618.99
玉米单位面积产量(公斤/公顷),Jilin,2018,6616.8,1618.99
谷子单位面积产量(公斤/公顷),Jilin,2018,4150.02,1618.99
高粱单位面积产量(公斤/公顷),Jilin,2018,7024.38,1618.99
其他谷物单位面积产量(公斤/公顷),Jilin,2018,1950.26,1618.99
大麦单位面积产量(公斤/公顷),Jilin,2018,,1618.99
豆类单位面积产量(公斤/公顷),Jilin,2018,1826.68,1618.99
薯类单位面积产量(公斤/公顷),Jilin,2018,7807.07,1618.99
棉花单位面积产量(公斤/公顷),Jilin,2018,,1618.99
油料单位面积产量(公斤/公顷),Jilin,2018,3117.13,1618.99
麻类单位面积产量(公斤/公顷),Jilin,2018,,1618.99
烟叶单位面积产量(公斤/公顷),Jilin,2018,2750.86,1618.99
烤烟单位面积产量(公斤/公顷),Jilin,2018,2532.59,1618.99
糖料单位面积产量(公斤/公顷),Jilin,2018,39503.91,1618.99
甘蔗单位面积产量(公斤/公顷),Jilin,2018,,1618.99
甜菜单位面积产量(公斤/公顷),Jilin,2018,39503.91,1618.99
蔬菜单位面积产量(公斤/公顷),Jilin,2018,39510.36,1618.99
粮食单位面积产量(公斤/公顷),Liaoning,2018,6292.84,2041.43
夏收粮食单位面积产量(公斤/公顷),Liaoning,2018,,2041.43
秋粮单位面积产量(公斤/公顷),Liaoning,2018,6292.84,2041.43
谷物单位面积产量(公斤/公顷),Liaoning,2018,6437.59,2041.43
小麦单位面积产量(公斤/公顷),Liaoning,2018,5749.5,2041.43
玉米单位面积产量(公斤/公顷),Liaoning,2018,6129.0,2041.43
谷子单位面积产量(公斤/公顷),Liaoning,2018,3364.65,2041.43
高粱单位面积产量(公斤/公顷),Liaoning,2018,7517.55,2041.43
其他谷物单位面积产量(公斤/公顷),Liaoning,2018,1775.85,2041.43
大麦单位面积产量(公斤/公顷),Liaoning,2018,,2041.43
豆类单位面积产量(公斤/公顷),Liaoning,2018,2414.88,2041.43
薯类单位面积产量(公斤/公顷),Liaoning,2018,4535.63,2041.43
棉花单位面积产量(公斤/公顷),Liaoning,2018,2291.67,2041.43
油料单位面积产量(公斤/公顷),Liaoning,2018,2685.31,2041.43
麻类单位面积产量(公斤/公顷),Liaoning,2018,4500.0,2041.43
烟叶单位面积产量(公斤/公顷),Liaoning,2018,2772.39,2041.43
烤烟单位面积产量(公斤/公顷),Liaoning,2018,2750.75,2041.43
糖料单位面积产量(公斤/公顷),Liaoning,2018,59203.01,2041.43
甘蔗单位面积产量(公斤/公顷),Liaoning,2018,,2041.43
甜菜单位面积产量(公斤/公顷),Liaoning,2018,59203.01,2041.43
蔬菜单位面积产量(公斤/公顷),Liaoning,2018,59096.1,2041.43
粮食单位面积产量(公斤/公顷),Heilongjiang,2017,5235.41,1449.9
夏收粮食单位面积产量(公斤/公顷),Heilongjiang,2017,,1449.9
秋粮单位面积产量(公斤/公顷),Heilongjiang,2017,5235.41,1449.9
谷物单位面积产量(公斤/公顷),Heilongjiang,2017,6605.47,1449.9
小麦单位面积产量(公斤/公顷),Heilongjiang,2017,3741.62,1449.9
玉米单位面积产量(公斤/公顷),Heilongjiang,2017,6316.27,1449.9
谷子单位面积产量(公斤/公顷),Heilongjiang,2017,3986.58,1449.9
高粱单位面积产量(公斤/公顷),Heilongjiang,2017,6296.07,1449.9
其他谷物单位面积产量(公斤/公顷),Heilongjiang,2017,3832.38,1449.9
大麦单位面积产量(公斤/公顷),Heilongjiang,2017,3975.74,1449.9
豆类单位面积产量(公斤/公顷),Heilongjiang,2017,1807.12,1449.9
薯类单位面积产量(公斤/公顷),Heilongjiang,2017,4888.26,1449.9
棉花单位面积产量(公斤/公顷),Heilongjiang,2017,,1449.9
油料单位面积产量(公斤/公顷),Heilongjiang,2017,1868.32,1449.9
麻类单位面积产量(公斤/公顷),Heilongjiang,2017,6110.02,1449.9
烟叶单位面积产量(公斤/公顷),Heilongjiang,2017,3107.7,1449.9
烤烟单位面积产量(公斤/公顷),Heilongjiang,2017,3127.36,1449.9
糖料单位面积产量(公斤/公顷),Heilongjiang,2017,39958.0,1449.9
甘蔗单位面积产量(公斤/公顷),Heilongjiang,2017,,1449.9
甜菜单位面积产量(公斤/公顷),Heilongjiang,2017,39958.0,1449.9
蔬菜单位面积产量(公斤/公顷),Heilongjiang,2017,38890.92,1449.9
粮食单位面积产量(公斤/公顷),Jilin,2017,7492.83,1464.66
夏收粮食单位面积产量(公斤/公顷),Jilin,2017,,1464.66
秋粮单位面积产量(公斤/公顷),Jilin,2017,7492.83,1464.66
谷物单位面积产量(公斤/公顷),Jilin,2017,7847.95,1464.66
小麦单位面积产量(公斤/公顷),Jilin,2017,,1464.66
玉米单位面积产量(公斤/公顷),Jilin,2017,7806.85,1464.66
谷子单位面积产量(公斤/公顷),Jilin,2017,4846.2,1464.66
高粱单位面积产量(公斤/公顷),Jilin,2017,7281.3,1464.66
其他谷物单位面积产量(公斤/公顷),Jilin,2017,2737.76,1464.66
大麦单位面积产量(公斤/公顷),Jilin,2017,,1464.66
豆类单位面积产量(公斤/公顷),Jilin,2017,2039.03,1464.66
薯类单位面积产量(公斤/公顷),Jilin,2017,6916.43,1464.66
棉花单位面积产量(公斤/公顷),Jilin,2017,,1464.66
油料单位面积产量(公斤/公顷),Jilin,2017,3143.96,1464.66
麻类单位面积产量(公斤/公顷),Jilin,2017,1937.5,1464.66
烟叶单位面积产量(公斤/公顷),Jilin,2017,2868.76,1464.66
烤烟单位面积产量(公斤/公顷),Jilin,2017,2632.35,1464.66
糖料单位面积产量(公斤/公顷),Jilin,2017,38245.18,1464.66
甘蔗单位面积产量(公斤/公顷),Jilin,2017,,1464.66
甜菜单位面积产量(公斤/公顷),Jilin,2017,38245.18,1464.66
蔬菜单位面积产量(公斤/公顷),Jilin,2017,43051.16,1464.66
粮食单位面积产量(公斤/公顷),Liaoning,2017,6721.71,1952.38
夏收粮食单位面积产量(公斤/公顷),Liaoning,2017,,1952.38
秋粮单位面积产量(公斤/公顷),Liaoning,2017,6721.71,1952.38
谷物单位面积产量(公斤/公顷),Liaoning,2017,6869.51,1952.38
小麦单位面积产量(公斤/公顷),Liaoning,2017,3516.38,1952.38
玉米单位面积产量(公斤/公顷),Liaoning,2017,6647.31,1952.38
谷子单位面积产量(公斤/公顷),Liaoning,2017,3676.5,1952.38
高粱单位面积产量(公斤/公顷),Liaoning,2017,6821.97,1952.38
其他谷物单位面积产量(公斤/公顷),Liaoning,2017,3031.38,1952.38
大麦单位面积产量(公斤/公顷),Liaoning,2017,,1952.38
豆类单位面积产量(公斤/公顷),Liaoning,2017,2468.37,1952.38
薯类单位面积产量(公斤/公顷),Liaoning,2017,5351.89,1952.38
棉花单位面积产量(公斤/公顷),Liaoning,2017,,1952.38
油料单位面积产量(公斤/公顷),Liaoning,2017,2925.97,1952.38
麻类单位面积产量(公斤/公顷),Liaoning,2017,2838.93,1952.38
烟叶单位面积产量(公斤/公顷),Liaoning,2017,3280.18,1952.38
烤烟单位面积产量(公斤/公顷),Liaoning,2017,3366.76,1952.38
糖料单位面积产量(公斤/公顷),Liaoning,2017,52663.55,1952.38
甘蔗单位面积产量(公斤/公顷),Liaoning,2017,,1952.38
甜菜单位面积产量(公斤/公顷),Liaoning,2017,52663.55,1952.38
蔬菜单位面积产量(公斤/公顷),Liaoning,2017,58251.74,1952.38
粮食单位面积产量(公斤/公顷),Heilongjiang,2016,5221.96,1449.71
夏收粮食单位面积产量(公斤/公顷),Heilongjiang,2016,,1449.71
秋粮单位面积产量(公斤/公顷),Heilongjiang,2016,5221.96,1449.71
谷物单位面积产量(公斤/公顷),Heilongjiang,2016,6351.23,1449.71
小麦单位面积产量(公斤/公顷),Heilongjiang,2016,3639.24,1449.71
玉米单位面积产量(公斤/公顷),Heilongjiang,2016,5993.5,1449.71
谷子单位面积产量(公斤/公顷),Heilongjiang,2016,3971.13,1449.71
高粱单位面积产量(公斤/公顷),Heilongjiang,2016,6109.75,1449.71
其他谷物单位面积产量(公斤/公顷),Heilongjiang,2016,3724.9,1449.71
大麦单位面积产量(公斤/公顷),Heilongjiang,2016,,1449.71
豆类单位面积产量(公斤/公顷),Heilongjiang,2016,1718.48,1449.71
薯类单位面积产量(公斤/公顷),Heilongjiang,2016,4846.77,1449.71
棉花单位面积产量(公斤/公顷),Heilongjiang,2016,,1449.71
油料单位面积产量(公斤/公顷),Heilongjiang,2016,1676.74,1449.71
麻类单位面积产量(公斤/公顷),Heilongjiang,2016,5641.8,1449.71
烟叶单位面积产量(公斤/公顷),Heilongjiang,2016,2639.23,1449.71
烤烟单位面积产量(公斤/公顷),Heilongjiang,2016,2666.48,1449.71
糖料单位面积产量(公斤/公顷),Heilongjiang,2016,34932.57,1449.71
甘蔗单位面积产量(公斤/公顷),Heilongjiang,2016,,1449.71
甜菜单位面积产量(公斤/公顷),Heilongjiang,2016,34932.57,1449.71
蔬菜单位面积产量(公斤/公顷),Heilongjiang,2016,38810.65,1449.71
粮食单位面积产量(公斤/公顷),Jilin,2016,7489.01,1510.22
夏收粮食单位面积产量(公斤/公顷),Jilin,2016,,1510.22
秋粮单位面积产量(公斤/公顷),Jilin,2016,7489.01,1510.22
谷物单位面积产量(公斤/公顷),Jilin,2016,7806.57,1510.22
小麦单位面积产量(公斤/公顷),Jilin,2016,3703.7,1510.22
玉米单位面积产量(公斤/公顷),Jilin,2016,7747.06,1510.22
谷子单位面积产量(公斤/公顷),Jilin,2016,4740.83,1510.22
高粱单位面积产量(公斤/公顷),Jilin,2016,7207.97,1510.22
其他谷物单位面积产量(公斤/公顷),Jilin,2016,2742.69,1510.22
大麦单位面积产量(公斤/公顷),Jilin,2016,,1510.22
豆类单位面积产量(公斤/公顷),Jilin,2016,1910.54,1510.22
薯类单位面积产量(公斤/公顷),Jilin,2016,6784.62,1510.22
棉花单位面积产量(公斤/公顷),Jilin,2016,,1510.22
油料单位面积产量(公斤/公顷),Jilin,2016,2802.41,1510.22
麻类单位面积产量(公斤/公顷),Jilin,2016,2000.0,1510.22
烟叶单位面积产量(公斤/公顷),Jilin,2016,2729.31,1510.22
烤烟单位面积产量(公斤/公顷),Jilin,2016,2515.6,1510.22
糖料单位面积产量(公斤/公顷),Jilin,2016,47908.47,1510.22
甘蔗单位面积产量(公斤/公顷),Jilin,2016,,1510.22
甜菜单位面积产量(公斤/公顷),Jilin,2016,47908.47,1510.22
蔬菜单位面积产量(公斤/公顷),Jilin,2016,43196.13,1510.22
粮食单位面积产量(公斤/公顷),Liaoning,2016,6587.83,1856.98
夏收粮食单位面积产量(公斤/公顷),Liaoning,2016,,1856.98
秋粮单位面积产量(公斤/公顷),Liaoning,2016,6587.83,1856.98
谷物单位面积产量(公斤/公顷),Liaoning,2016,6732.55,1856.98
小麦单位面积产量(公斤/公顷),Liaoning,2016,3793.1,1856.98
玉米单位面积产量(公斤/公顷),Liaoning,2016,6488.2,1856.98
谷子单位面积产量(公斤/公顷),Liaoning,2016,3535.75,1856.98
高粱单位面积产量(公斤/公顷),Liaoning,2016,5821.1,1856.98
其他谷物单位面积产量(公斤/公顷),Liaoning,2016,2721.46,1856.98
大麦单位面积产量(公斤/公顷),Liaoning,2016,,1856.98
豆类单位面积产量(公斤/公顷),Liaoning,2016,2046.66,1856.98
薯类单位面积产量(公斤/公顷),Liaoning,2016,4990.13,1856.98
棉花单位面积产量(公斤/公顷),Liaoning,2016,1354.84,1856.98
油料单位面积产量(公斤/公顷),Liaoning,2016,2854.53,1856.98
麻类单位面积产量(公斤/公顷),Liaoning,2016,6345.28,1856.98
烟叶单位面积产量(公斤/公顷),Liaoning,2016,3213.46,1856.98
烤烟单位面积产量(公斤/公顷),Liaoning,2016,3238.2,1856.98
糖料单位面积产量(公斤/公顷),Liaoning,2016,51135.05,1856.98
甘蔗单位面积产量(公斤/公顷),Liaoning,2016,,1856.98
甜菜单位面积产量(公斤/公顷),Liaoning,2016,51135.05,1856.98
蔬菜单位面积产量(公斤/公顷),Liaoning,2016,55698.24,1856.98
粮食单位面积产量(公斤/公顷),Heilongjiang,2015,5332.03,1493.14
夏收粮食单位面积产量(公斤/公顷),Heilongjiang,2015,,1493.14
秋粮单位面积产量(公斤/公顷),Heilongjiang,2015,5332.03,1493.14
谷物单位面积产量(公斤/公顷),Heilongjiang,2015,6182.0,1493.14
小麦单位面积产量(公斤/公顷),Heilongjiang,2015,3065.19,1493.14
玉米单位面积产量(公斤/公顷),Heilongjiang,2015,5814.57,1493.14
谷子单位面积产量(公斤/公顷),Heilongjiang,2015,3923.56,1493.14
高粱单位面积产量(公斤/公顷),Heilongjiang,2015,4578.67,1493.14
其他谷物单位面积产量(公斤/公顷),Heilongjiang,2015,3393.47,1493.14
大麦单位面积产量(公斤/公顷),Heilongjiang,2015,,1493.14
豆类单位面积产量(公斤/公顷),Heilongjiang,2015,1838.47,1493.14
薯类单位面积产量(公斤/公顷),Heilongjiang,2015,5168.15,1493.14
棉花单位面积产量(公斤/公顷),Heilongjiang,2015,,1493.14
油料单位面积产量(公斤/公顷),Heilongjiang,2015,1938.44,1493.14
麻类单位面积产量(公斤/公顷),Heilongjiang,2015,6541.64,1493.14
烟叶单位面积产量(公斤/公顷),Heilongjiang,2015,2737.27,1493.14
烤烟单位面积产量(公斤/公顷),Heilongjiang,2015,2677.54,1493.14
糖料单位面积产量(公斤/公顷),Heilongjiang,2015,35540.94,1493.14
甘蔗单位面积产量(公斤/公顷),Heilongjiang,2015,,1493.14
甜菜单位面积产量(公斤/公顷),Heilongjiang,2015,35540.94,1493.14
蔬菜单位面积产量(公斤/公顷),Heilongjiang,2015,32923.04,1493.14
粮食单位面积产量(公斤/公顷),Jilin,2015,7181.12,1591.09
夏收粮食单位面积产量(公斤/公顷),Jilin,2015,,1591.09
秋粮单位面积产量(公斤/公顷),Jilin,2015,7181.12,1591.09
谷物单位面积产量(公斤/公顷),Jilin,2015,7510.6,1591.09
小麦单位面积产量(公斤/公顷),Jilin,2015,3846.15,1591.09
玉米单位面积产量(公斤/公顷),Jilin,2015,7383.5,1591.09
谷子单位面积产量(公斤/公顷),Jilin,2015,4304.34,1591.09
高粱单位面积产量(公斤/公顷),Jilin,2015,8346.65,1591.09
其他谷物单位面积产量(公斤/公顷),Jilin,2015,896.17,1591.09
大麦单位面积产量(公斤/公顷),Jilin,2015,,1591.09
豆类单位面积产量(公斤/公顷),Jilin,2015,1654.5,1591.09
薯类单位面积产量(公斤/公顷),Jilin,2015,6823.45,1591.09
棉花单位面积产量(公斤/公顷),Jilin,2015,,1591.09
油料单位面积产量(公斤/公顷),Jilin,2015,2839.32,1591.09
麻类单位面积产量(公斤/公顷),Jilin,2015,2000.0,1591.09
烟叶单位面积产量(公斤/公顷),Jilin,2015,2850.71,1591.09
烤烟单位面积产量(公斤/公顷),Jilin,2015,2615.48,1591.09
糖料单位面积产量(公斤/公顷),Jilin,2015,23440.43,1591.09
甘蔗单位面积产量(公斤/公顷),Jilin,2015,,1591.09
甜菜单位面积产量(公斤/公顷),Jilin,2015,23440.43,1591.09
蔬菜单位面积产量(公斤/公顷),Jilin,2015,43958.09,1591.09
粮食单位面积产量(公斤/公顷),Liaoning,2015,6065.08,1929.95
夏收粮食单位面积产量(公斤/公顷),Liaoning,2015,,1929.95
秋粮单位面积产量(公斤/公顷),Liaoning,2015,6065.08,1929.95
谷物单位面积产量(公斤/公顷),Liaoning,2015,6138.12,1929.95
小麦单位面积产量(公斤/公顷),Liaoning,2015,4655.17,1929.95
玉米单位面积产量(公斤/公顷),Liaoning,2015,5807.27,1929.95
谷子单位面积产量(公斤/公顷),Liaoning,2015,3109.3,1929.95
高粱单位面积产量(公斤/公顷),Liaoning,2015,5619.91,1929.95
其他谷物单位面积产量(公斤/公顷),Liaoning,2015,2452.36,1929.95
大麦单位面积产量(公斤/公顷),Liaoning,2015,,1929.95
豆类单位面积产量(公斤/公顷),Liaoning,2015,2371.77,1929.95
薯类单位面积产量(公斤/公顷),Liaoning,2015,5804.22,1929.95
棉花单位面积产量(公斤/公顷),Liaoning,2015,,1929.95
油料单位面积产量(公斤/公顷),Liaoning,2015,2303.79,1929.95
麻类单位面积产量(公斤/公顷),Liaoning,2015,6345.28,1929.95
烟叶单位面积产量(公斤/公顷),Liaoning,2015,2630.58,1929.95
烤烟单位面积产量(公斤/公顷),Liaoning,2015,2651.4,1929.95
糖料单位面积产量(公斤/公顷),Liaoning,2015,29957.52,1929.95
甘蔗单位面积产量(公斤/公顷),Liaoning,2015,,1929.95
甜菜单位面积产量(公斤/公顷),Liaoning,2015,29957.52,1929.95
蔬菜单位面积产量(公斤/公顷),Liaoning,2015,60959.05,1929.95
粮食单位面积产量(公斤/公顷),Heilongjiang,2014,5300.48,1451.47
夏收粮食单位面积产量(公斤/公顷),Heilongjiang,2014,,1451.47
秋粮单位面积产量(公斤/公顷),Heilongjiang,2014,5300.48,1451.47
谷物单位面积产量(公斤/公顷),Heilongjiang,2014,6257.0,1451.47
小麦单位面积产量(公斤/公顷),Heilongjiang,2014,3198.64,1451.47
玉米单位面积产量(公斤/公顷),Heilongjiang,2014,5857.56,1451.47
谷子单位面积产量(公斤/公顷),Heilongjiang,2014,3807.16,1451.47
高粱单位面积产量(公斤/公顷),Heilongjiang,2014,6301.35,1451.47
其他谷物单位面积产量(公斤/公顷),Heilongjiang,2014,3457.02,1451.47
大麦单位面积产量(公斤/公顷),Heilongjiang,2014,,1451.47
豆类单位面积产量(公斤/公顷),Heilongjiang,2014,1818.01,1451.47
薯类单位面积产量(公斤/公顷),Heilongjiang,2014,4034.66,1451.47
棉花单位面积产量(公斤/公顷),Heilongjiang,2014,,1451.47
油料单位面积产量(公斤/公顷),Heilongjiang,2014,1965.12,1451.47
麻类单位面积产量(公斤/公顷),Heilongjiang,2014,7560.0,1451.47
烟叶单位面积产量(公斤/公顷),Heilongjiang,2014,2546.74,1451.47
烤烟单位面积产量(公斤/公顷),Heilongjiang,2014,2541.07,1451.47
糖料单位面积产量(公斤/公顷),Heilongjiang,2014,40098.74,1451.47
甘蔗单位面积产量(公斤/公顷),Heilongjiang,2014,,1451.47
甜菜单位面积产量(公斤/公顷),Heilongjiang,2014,40098.74,1451.47
蔬菜单位面积产量(公斤/公顷),Heilongjiang,2014,32940.58,1451.47
粮食单位面积产量(公斤/公顷),Jilin,2014,7021.87,1515.0
夏收粮食单位面积产量(公斤/公顷),Jilin,2014,,1515.0
秋粮单位面积产量(公斤/公顷),Jilin,2014,7021.87,1515.0
谷物单位面积产量(公斤/公顷),Jilin,2014,7437.73,1515.0
小麦单位面积产量(公斤/公顷),Jilin,2014,3888.89,1515.0
玉米单位面积产量(公斤/公顷),Jilin,2014,7394.63,1515.0
谷子单位面积产量(公斤/公顷),Jilin,2014,4281.52,1515.0
高粱单位面积产量(公斤/公顷),Jilin,2014,7316.65,1515.0
其他谷物单位面积产量(公斤/公顷),Jilin,2014,1000.0,1515.0
大麦单位面积产量(公斤/公顷),Jilin,2014,,1515.0
豆类单位面积产量(公斤/公顷),Jilin,2014,1507.35,1515.0
薯类单位面积产量(公斤/公顷),Jilin,2014,6102.37,1515.0
棉花单位面积产量(公斤/公顷),Jilin,2014,1650.73,1515.0
油料单位面积产量(公斤/公顷),Jilin,2014,3218.16,1515.0
麻类单位面积产量(公斤/公顷),Jilin,2014,1000.0,1515.0
烟叶单位面积产量(公斤/公顷),Jilin,2014,2620.64,1515.0
烤烟单位面积产量(公斤/公顷),Jilin,2014,2672.25,1515.0
糖料单位面积产量(公斤/公顷),Jilin,2014,34174.73,1515.0
甘蔗单位面积产量(公斤/公顷),Jilin,2014,,1515.0
甜菜单位面积产量(公斤/公顷),Jilin,2014,34174.73,1515.0
蔬菜单位面积产量(公斤/公顷),Jilin,2014,42296.82,1515.0
粮食单位面积产量(公斤/公顷),Liaoning,2014,5382.26,1930.72
夏收粮食单位面积产量(公斤/公顷),Liaoning,2014,,1930.72
秋粮单位面积产量(公斤/公顷),Liaoning,2014,5382.26,1930.72
谷物单位面积产量(公斤/公顷),Liaoning,2014,5431.68,1930.72
小麦单位面积产量(公斤/公顷),Liaoning,2014,4827.59,1930.72
玉米单位面积产量(公斤/公顷),Liaoning,2014,5023.45,1930.72
谷子单位面积产量(公斤/公顷),Liaoning,2014,2809.62,1930.72
高粱单位面积产量(公斤/公顷),Liaoning,2014,5026.98,1930.72
其他谷物单位面积产量(公斤/公顷),Liaoning,2014,2752.02,1930.72
大麦单位面积产量(公斤/公顷),Liaoning,2014,,1930.72
豆类单位面积产量(公斤/公顷),Liaoning,2014,2190.56,1930.72
薯类单位面积产量(公斤/公顷),Liaoning,2014,6249.96,1930.72
棉花单位面积产量(公斤/公顷),Liaoning,2014,1553.57,1930.72
油料单位面积产量(公斤/公顷),Liaoning,2014,2317.9,1930.72
麻类单位面积产量(公斤/公顷),Liaoning,2014,6345.28,1930.72
烟叶单位面积产量(公斤/公顷),Liaoning,2014,2762.39,1930.72
烤烟单位面积产量(公斤/公顷),Liaoning,2014,2802.11,1930.72
糖料单位面积产量(公斤/公顷),Liaoning,2014,49591.93,1930.72
甘蔗单位面积产量(公斤/公顷),Liaoning,2014,,1930.72
甜菜单位面积产量(公斤/公顷),Liaoning,2014,49591.93,1930.72
蔬菜单位面积产量(公斤/公顷),Liaoning,2014,63328.33,1930.72
粮食单位面积产量(公斤/公顷),Heilongjiang,2013,5196.92,1353.72
夏收粮食单位面积产量(公斤/公顷),Heilongjiang,2013,,1353.72
秋粮单位面积产量(公斤/公顷),Heilongjiang,2013,5196.92,1353.72
谷物单位面积产量(公斤/公顷),Heilongjiang,2013,6133.22,1353.72
小麦单位面积产量(公斤/公顷),Heilongjiang,2013,2923.25,1353.72
玉米单位面积产量(公斤/公顷),Heilongjiang,2013,5683.66,1353.72
谷子单位面积产量(公斤/公顷),Heilongjiang,2013,3531.77,1353.72
高粱单位面积产量(公斤/公顷),Heilongjiang,2013,4771.86,1353.72
其他谷物单位面积产量(公斤/公顷),Heilongjiang,2013,3543.66,1353.72
大麦单位面积产量(公斤/公顷),Heilongjiang,2013,3381.63,1353.72
豆类单位面积产量(公斤/公顷),Heilongjiang,2013,1706.23,1353.72
薯类单位面积产量(公斤/公顷),Heilongjiang,2013,3840.75,1353.72
棉花单位面积产量(公斤/公顷),Heilongjiang,2013,,1353.72
油料单位面积产量(公斤/公顷),Heilongjiang,2013,1947.12,1353.72
麻类单位面积产量(公斤/公顷),Heilongjiang,2013,7291.7,1353.72
烟叶单位面积产量(公斤/公顷),Heilongjiang,2013,2514.02,1353.72
烤烟单位面积产量(公斤/公顷),Heilongjiang,2013,2511.47,1353.72
糖料单位面积产量(公斤/公顷),Heilongjiang,2013,31932.47,1353.72
甘蔗单位面积产量(公斤/公顷),Heilongjiang,2013,,1353.72
甜菜单位面积产量(公斤/公顷),Heilongjiang,2013,31932.47,1353.72
蔬菜单位面积产量(公斤/公顷),Heilongjiang,2013,35613.57,1353.72
粮食单位面积产量(公斤/公顷),Jilin,2013,7332.95,1435.62
夏收粮食单位面积产量(公斤/公顷),Jilin,2013,,1435.62
秋粮单位面积产量(公斤/公顷),Jilin,2013,7332.95,1435.62
谷物单位面积产量(公斤/公顷),Jilin,2013,7793.81,1435.62
小麦单位面积产量(公斤/公顷),Jilin,2013,,1435.62
玉米单位面积产量(公斤/公顷),Jilin,2013,7827.69,1435.62
谷子单位面积产量(公斤/公顷),Jilin,2013,6024.84,1435.62
高粱单位面积产量(公斤/公顷),Jilin,2013,7426.09,1435.62
其他谷物单位面积产量(公斤/公顷),Jilin,2013,,1435.62
大麦单位面积产量(公斤/公顷),Jilin,2013,,1435.62
豆类单位面积产量(公斤/公顷),Jilin,2013,1686.76,1435.62
薯类单位面积产量(公斤/公顷),Jilin,2013,6016.09,1435.62
棉花单位面积产量(公斤/公顷),Jilin,2013,1848.01,1435.62
油料单位面积产量(公斤/公顷),Jilin,2013,3037.9,1435.62
麻类单位面积产量(公斤/公顷),Jilin,2013,3000.0,1435.62
烟叶单位面积产量(公斤/公顷),Jilin,2013,2692.76,1435.62
烤烟单位面积产量(公斤/公顷),Jilin,2013,2509.71,1435.62
糖料单位面积产量(公斤/公顷),Jilin,2013,27261.21,1435.62
甘蔗单位面积产量(公斤/公顷),Jilin,2013,,1435.62
甜菜单位面积产量(公斤/公顷),Jilin,2013,27261.21,1435.62
蔬菜单位面积产量(公斤/公顷),Jilin,2013,44124.3,1435.62
粮食单位面积产量(公斤/公顷),Liaoning,2013,6896.33,1784.3
夏收粮食单位面积产量(公斤/公顷),Liaoning,2013,,1784.3
秋粮单位面积产量(公斤/公顷),Liaoning,2013,6896.33,1784.3
谷物单位面积产量(公斤/公顷),Liaoning,2013,7047.72,1784.3
小麦单位面积产量(公斤/公顷),Liaoning,2013,4857.14,1784.3
玉米单位面积产量(公斤/公顷),Liaoning,2013,6961.17,1784.3
谷子单位面积产量(公斤/公顷),Liaoning,2013,3188.74,1784.3
高粱单位面积产量(公斤/公顷),Liaoning,2013,6258.76,1784.3
其他谷物单位面积产量(公斤/公顷),Liaoning,2013,2754.45,1784.3
大麦单位面积产量(公斤/公顷),Liaoning,2013,,1784.3
豆类单位面积产量(公斤/公顷),Liaoning,2013,2339.82,1784.3
薯类单位面积产量(公斤/公顷),Liaoning,2013,5273.06,1784.3
棉花单位面积产量(公斤/公顷),Liaoning,2013,2600.0,1784.3
油料单位面积产量(公斤/公顷),Liaoning,2013,2802.62,1784.3
麻类单位面积产量(公斤/公顷),Liaoning,2013,6345.28,1784.3
烟叶单位面积产量(公斤/公顷),Liaoning,2013,2862.15,1784.3
烤烟单位面积产量(公斤/公顷),Liaoning,2013,2875.53,1784.3
糖料单位面积产量(公斤/公顷),Liaoning,2013,53835.23,1784.3
甘蔗单位面积产量(公斤/公顷),Liaoning,2013,,1784.3
甜菜单位面积产量(公斤/公顷),Liaoning,2013,53835.23,1784.3
蔬菜单位面积产量(公斤/公顷),Liaoning,2013,64932.02,1784.3
粮食单位面积产量(公斤/公顷),Heilongjiang,2012,4994.31,1436.28
夏收粮食单位面积产量(公斤/公顷),Heilongjiang,2012,,1436.28
秋粮单位面积产量(公斤/公顷),Heilongjiang,2012,4994.31,1436.28
谷物单位面积产量(公斤/公顷),Heilongjiang,2012,5981.99,1436.28
小麦单位面积产量(公斤/公顷),Heilongjiang,2012,3333.32,1436.28
玉米单位面积产量(公斤/公顷),Heilongjiang,2012,5382.88,1436.28
谷子单位面积产量(公斤/公顷),Heilongjiang,2012,3464.44,1436.28
高粱单位面积产量(公斤/公顷),Heilongjiang,2012,4507.03,1436.28
其他谷物单位面积产量(公斤/公顷),Heilongjiang,2012,2655.87,1436.28
大麦单位面积产量(公斤/公顷),Heilongjiang,2012,2700.0,1436.28
豆类单位面积产量(公斤/公顷),Heilongjiang,2012,1812.26,1436.28
薯类单位面积产量(公斤/公顷),Heilongjiang,2012,3496.31,1436.28
棉花单位面积产量(公斤/公顷),Heilongjiang,2012,0.0,1436.28
油料单位面积产量(公斤/公顷),Heilongjiang,2012,1919.18,1436.28
麻类单位面积产量(公斤/公顷),Heilongjiang,2012,5585.71,1436.28
烟叶单位面积产量(公斤/公顷),Heilongjiang,2012,2551.03,1436.28
烤烟单位面积产量(公斤/公顷),Heilongjiang,2012,2623.21,1436.28
糖料单位面积产量(公斤/公顷),Heilongjiang,2012,37439.01,1436.28
甘蔗单位面积产量(公斤/公顷),Heilongjiang,2012,0.0,1436.28
甜菜单位面积产量(公斤/公顷),Heilongjiang,2012,37439.01,1436.28
蔬菜单位面积产量(公斤/公顷),Heilongjiang,2012,34677.39,1436.28
粮食单位面积产量(公斤/公顷),Jilin,2012,7053.84,1493.71
夏收粮食单位面积产量(公斤/公顷),Jilin,2012,,1493.71
秋粮单位面积产量(公斤/公顷),Jilin,2012,7053.84,1493.71
谷物单位面积产量(公斤/公顷),Jilin,2012,7530.22,1493.71
小麦单位面积产量(公斤/公顷),Jilin,2012,3084.11,1493.71
玉米单位面积产量(公斤/公顷),Jilin,2012,7682.07,1493.71
谷子单位面积产量(公斤/公顷),Jilin,2012,5395.53,1493.71
高粱单位面积产量(公斤/公顷),Jilin,2012,4121.18,1493.71
其他谷物单位面积产量(公斤/公顷),Jilin,2012,3675.97,1493.71
大麦单位面积产量(公斤/公顷),Jilin,2012,,1493.71
豆类单位面积产量(公斤/公顷),Jilin,2012,1424.04,1493.71
薯类单位面积产量(公斤/公顷),Jilin,2012,8728.07,1493.71
棉花单位面积产量(公斤/公顷),Jilin,2012,1918.99,1493.71
油料单位面积产量(公斤/公顷),Jilin,2012,3028.03,1493.71
麻类单位面积产量(公斤/公顷),Jilin,2012,1007.14,1493.71
烟叶单位面积产量(公斤/公顷),Jilin,2012,3244.95,1493.71
烤烟单位面积产量(公斤/公顷),Jilin,2012,2673.8,1493.71
糖料单位面积产量(公斤/公顷),Jilin,2012,31442.94,1493.71
甘蔗单位面积产量(公斤/公顷),Jilin,2012,0.0,1493.71
甜菜单位面积产量(公斤/公顷),Jilin,2012,31442.94,1493.71
蔬菜单位面积产量(公斤/公顷),Jilin,2012,40660.76,1493.71
粮食单位面积产量(公斤/公顷),Liaoning,2012,6474.28,1734.48
夏收粮食单位面积产量(公斤/公顷),Liaoning,2012,,1734.48
秋粮单位面积产量(公斤/公顷),Liaoning,2012,6474.28,1734.48
谷物单位面积产量(公斤/公顷),Liaoning,2012,6619.16,1734.48
小麦单位面积产量(公斤/公顷),Liaoning,2012,4705.88,1734.48
玉米单位面积产量(公斤/公顷),Liaoning,2012,6450.81,1734.48
谷子单位面积产量(公斤/公顷),Liaoning,2012,3173.08,1734.48
高粱单位面积产量(公斤/公顷),Liaoning,2012,5968.69,1734.48
其他谷物单位面积产量(公斤/公顷),Liaoning,2012,2949.12,1734.48
大麦单位面积产量(公斤/公顷),Liaoning,2012,,1734.48
豆类单位面积产量(公斤/公顷),Liaoning,2012,2449.12,1734.48
薯类单位面积产量(公斤/公顷),Liaoning,2012,5307.69,1734.48
棉花单位面积产量(公斤/公顷),Liaoning,2012,2090.09,1734.48
油料单位面积产量(公斤/公顷),Liaoning,2012,2800.55,1734.48
麻类单位面积产量(公斤/公顷),Liaoning,2012,6345.28,1734.48
烟叶单位面积产量(公斤/公顷),Liaoning,2012,2831.46,1734.48
烤烟单位面积产量(公斤/公顷),Liaoning,2012,2818.19,1734.48
糖料单位面积产量(公斤/公顷),Liaoning,2012,52068.07,1734.48
甘蔗单位面积产量(公斤/公顷),Liaoning,2012,0.0,1734.48
甜菜单位面积产量(公斤/公顷),Liaoning,2012,52068.07,1734.48
蔬菜单位面积产量(公斤/公顷),Liaoning,2012,60816.62,1734.48
粮食单位面积产量(公斤/公顷),Heilongjiang,2011,4841.89,1375.56
夏收粮食单位面积产量(公斤/公顷),Heilongjiang,2011,,1375.56
秋粮单位面积产量(公斤/公顷),Heilongjiang,2011,4841.89,1375.56
谷物单位面积产量(公斤/公顷),Heilongjiang,2011,6124.96,1375.56
小麦单位面积产量(公斤/公顷),Heilongjiang,2011,3485.44,1375.56
玉米单位面积产量(公斤/公顷),Heilongjiang,2011,5652.09,1375.56
谷子单位面积产量(公斤/公顷),Heilongjiang,2011,3408.42,1375.56
高粱单位面积产量(公斤/公顷),Heilongjiang,2011,4518.53,1375.56
其他谷物单位面积产量(公斤/公顷),Heilongjiang,2011,4103.17,1375.56
大麦单位面积产量(公斤/公顷),Heilongjiang,2011,2621.72,1375.56
豆类单位面积产量(公斤/公顷),Heilongjiang,2011,1764.12,1375.56
薯类单位面积产量(公斤/公顷),Heilongjiang,2011,3232.28,1375.56
棉花单位面积产量(公斤/公顷),Heilongjiang,2011,0.0,1375.56
油料单位面积产量(公斤/公顷),Heilongjiang,2011,1566.42,1375.56
麻类单位面积产量(公斤/公顷),Heilongjiang,2011,4507.75,1375.56
烟叶单位面积产量(公斤/公顷),Heilongjiang,2011,2439.11,1375.56
烤烟单位面积产量(公斤/公顷),Heilongjiang,2011,2440.42,1375.56
糖料单位面积产量(公斤/公顷),Heilongjiang,2011,33526.34,1375.56
甘蔗单位面积产量(公斤/公顷),Heilongjiang,2011,0.0,1375.56
甜菜单位面积产量(公斤/公顷),Heilongjiang,2011,33526.34,1375.56
蔬菜单位面积产量(公斤/公顷),Heilongjiang,2011,35402.29,1375.56
粮食单位面积产量(公斤/公顷),Jilin,2011,6780.34,1428.48
夏收粮食单位面积产量(公斤/公顷),Jilin,2011,,1428.48
秋粮单位面积产量(公斤/公顷),Jilin,2011,6780.34,1428.48
谷物单位面积产量(公斤/公顷),Jilin,2011,7349.06,1428.48
小麦单位面积产量(公斤/公顷),Jilin,2011,4213.84,1428.48
玉米单位面积产量(公斤/公顷),Jilin,2011,7163.45,1428.48
谷子单位面积产量(公斤/公顷),Jilin,2011,2913.7,1428.48
高粱单位面积产量(公斤/公顷),Jilin,2011,4010.52,1428.48
其他谷物单位面积产量(公斤/公顷),Jilin,2011,2663.83,1428.48
大麦单位面积产量(公斤/公顷),Jilin,2011,1818.18,1428.48
豆类单位面积产量(公斤/公顷),Jilin,2011,2116.75,1428.48
薯类单位面积产量(公斤/公顷),Jilin,2011,6341.5,1428.48
棉花单位面积产量(公斤/公顷),Jilin,2011,1812.29,1428.48
油料单位面积产量(公斤/公顷),Jilin,2011,2838.45,1428.48
麻类单位面积产量(公斤/公顷),Jilin,2011,796.0,1428.48
烟叶单位面积产量(公斤/公顷),Jilin,2011,3249.44,1428.48
烤烟单位面积产量(公斤/公顷),Jilin,2011,2745.12,1428.48
糖料单位面积产量(公斤/公顷),Jilin,2011,32481.84,1428.48
甘蔗单位面积产量(公斤/公顷),Jilin,2011,0.0,1428.48
甜菜单位面积产量(公斤/公顷),Jilin,2011,32481.84,1428.48
蔬菜单位面积产量(公斤/公顷),Jilin,2011,41961.2,1428.48
粮食单位面积产量(公斤/公顷),Liaoning,2011,6435.48,1719.22
夏收粮食单位面积产量(公斤/公顷),Liaoning,2011,,1719.22
秋粮单位面积产量(公斤/公顷),Liaoning,2011,6435.48,1719.22
谷物单位面积产量(公斤/公顷),Liaoning,2011,6556.02,1719.22
小麦单位面积产量(公斤/公顷),Liaoning,2011,5362.32,1719.22
玉米单位面积产量(公斤/公顷),Liaoning,2011,6372.62,1719.22
谷子单位面积产量(公斤/公顷),Liaoning,2011,3480.31,1719.22
高粱单位面积产量(公斤/公顷),Liaoning,2011,6162.99,1719.22
其他谷物单位面积产量(公斤/公顷),Liaoning,2011,4949.49,1719.22
大麦单位面积产量(公斤/公顷),Liaoning,2011,,1719.22
豆类单位面积产量(公斤/公顷),Liaoning,2011,2587.18,1719.22
薯类单位面积产量(公斤/公顷),Liaoning,2011,6821.52,1719.22
棉花单位面积产量(公斤/公顷),Liaoning,2011,1958.76,1719.22
油料单位面积产量(公斤/公顷),Liaoning,2011,2784.58,1719.22
麻类单位面积产量(公斤/公顷),Liaoning,2011,6345.28,1719.22
烟叶单位面积产量(公斤/公顷),Liaoning,2011,2775.94,1719.22
烤烟单位面积产量(公斤/公顷),Liaoning,2011,2753.99,1719.22
糖料单位面积产量(公斤/公顷),Liaoning,2011,44699.06,1719.22
甘蔗单位面积产量(公斤/公顷),Liaoning,2011,0.0,1719.22
甜菜单位面积产量(公斤/公顷),Liaoning,2011,44699.06,1719.22
蔬菜单位面积产量(公斤/公顷),Liaoning,2011,62131.44,1719.22
粮食单位面积产量(公斤/公顷),Heilongjiang,2010,4526.17,1494.76
夏收粮食单位面积产量(公斤/公顷),Heilongjiang,2010,,1494.76
秋粮单位面积产量(公斤/公顷),Heilongjiang,2010,4526.17,1494.76
谷物单位面积产量(公斤/公顷),Heilongjiang,2010,5971.56,1494.76
小麦单位面积产量(公斤/公顷),Heilongjiang,2010,3303.41,1494.76
玉米单位面积产量(公斤/公顷),Heilongjiang,2010,5285.16,1494.76
谷子单位面积产量(公斤/公顷),Heilongjiang,2010,3516.3,1494.76
高粱单位面积产量(公斤/公顷),Heilongjiang,2010,6443.54,1494.76
其他谷物单位面积产量(公斤/公顷),Heilongjiang,2010,5926.16,1494.76
大麦单位面积产量(公斤/公顷),Heilongjiang,2010,3778.34,1494.76
豆类单位面积产量(公斤/公顷),Heilongjiang,2010,1598.68,1494.76
薯类单位面积产量(公斤/公顷),Heilongjiang,2010,3193.86,1494.76
棉花单位面积产量(公斤/公顷),Heilongjiang,2010,0.0,1494.76
油料单位面积产量(公斤/公顷),Heilongjiang,2010,1647.07,1494.76
麻类单位面积产量(公斤/公顷),Heilongjiang,2010,4041.26,1494.76
烟叶单位面积产量(公斤/公顷),Heilongjiang,2010,2561.58,1494.76
烤烟单位面积产量(公斤/公顷),Heilongjiang,2010,2621.76,1494.76
糖料单位面积产量(公斤/公顷),Heilongjiang,2010,22476.24,1494.76
甘蔗单位面积产量(公斤/公顷),Heilongjiang,2010,0.0,1494.76
甜菜单位面积产量(公斤/公顷),Heilongjiang,2010,22476.24,1494.76
蔬菜单位面积产量(公斤/公顷),Heilongjiang,2010,39236.07,1494.76
粮食单位面积产量(公斤/公顷),Jilin,2010,5967.2,1466.7
夏收粮食单位面积产量(公斤/公顷),Jilin,2010,,1466.7
秋粮单位面积产量(公斤/公顷),Jilin,2010,5967.2,1466.7
谷物单位面积产量(公斤/公顷),Jilin,2010,6466.96,1466.7
小麦单位面积产量(公斤/公顷),Jilin,2010,3463.69,1466.7
玉米单位面积产量(公斤/公顷),Jilin,2010,6204.35,1466.7
谷子单位面积产量(公斤/公顷),Jilin,2010,3206.9,1466.7
高粱单位面积产量(公斤/公顷),Jilin,2010,2966.97,1466.7
其他谷物单位面积产量(公斤/公顷),Jilin,2010,2426.96,1466.7
大麦单位面积产量(公斤/公顷),Jilin,2010,2000.0,1466.7
豆类单位面积产量(公斤/公顷),Jilin,2010,1977.83,1466.7
薯类单位面积产量(公斤/公顷),Jilin,2010,8394.21,1466.7
棉花单位面积产量(公斤/公顷),Jilin,2010,1565.7,1466.7
油料单位面积产量(公斤/公顷),Jilin,2010,2324.31,1466.7
麻类单位面积产量(公斤/公顷),Jilin,2010,709.1,1466.7
烟叶单位面积产量(公斤/公顷),Jilin,2010,3011.4,1466.7
烤烟单位面积产量(公斤/公顷),Jilin,2010,2289.4,1466.7
糖料单位面积产量(公斤/公顷),Jilin,2010,23479.1,1466.7
甘蔗单位面积产量(公斤/公顷),Jilin,2010,0.0,1466.7
甜菜单位面积产量(公斤/公顷),Jilin,2010,23479.1,1466.7
蔬菜单位面积产量(公斤/公顷),Jilin,2010,59134.99,1466.7
粮食单位面积产量(公斤/公顷),Liaoning,2010,5562.86,1712.08
夏收粮食单位面积产量(公斤/公顷),Liaoning,2010,,1712.08
秋粮单位面积产量(公斤/公顷),Liaoning,2010,5562.86,1712.08
谷物单位面积产量(公斤/公顷),Liaoning,2010,5681.5,1712.08
小麦单位面积产量(公斤/公顷),Liaoning,2010,4933.33,1712.08
玉米单位面积产量(公斤/公顷),Liaoning,2010,5496.89,1712.08
谷子单位面积产量(公斤/公顷),Liaoning,2010,3216.15,1712.08
高粱单位面积产量(公斤/公顷),Liaoning,2010,4985.84,1712.08
其他谷物单位面积产量(公斤/公顷),Liaoning,2010,2358.08,1712.08
大麦单位面积产量(公斤/公顷),Liaoning,2010,,1712.08
豆类单位面积产量(公斤/公顷),Liaoning,2010,2456.29,1712.08
薯类单位面积产量(公斤/公顷),Liaoning,2010,5566.25,1712.08
棉花单位面积产量(公斤/公顷),Liaoning,2010,1798.68,1712.08
油料单位面积产量(公斤/公顷),Liaoning,2010,2620.75,1712.08
麻类单位面积产量(公斤/公顷),Liaoning,2010,6345.28,1712.08
烟叶单位面积产量(公斤/公顷),Liaoning,2010,2474.0,1712.08
烤烟单位面积产量(公斤/公顷),Liaoning,2010,2408.44,1712.08
糖料单位面积产量(公斤/公顷),Liaoning,2010,45813.08,1712.08
甘蔗单位面积产量(公斤/公顷),Liaoning,2010,0.0,1712.08
甜菜单位面积产量(公斤/公顷),Liaoning,2010,45813.08,1712.08
蔬菜单位面积产量(公斤/公顷),Liaoning,2010,60223.92,1712.08
粮食单位面积产量(公斤/公顷),Heilongjiang,2009,3950.61,1296.19
夏收粮食单位面积产量(公斤/公顷),Heilongjiang,2009,,1296.19
秋粮单位面积产量(公斤/公顷),Heilongjiang,2009,3950.61,1296.19
谷物单位面积产量(公斤/公顷),Heilongjiang,2009,5471.44,1296.19
小麦单位面积产量(公斤/公顷),Heilongjiang,2009,3968.61,1296.19
玉米单位面积产量(公斤/公顷),Heilongjiang,2009,4614.32,1296.19
谷子单位面积产量(公斤/公顷),Heilongjiang,2009,2111.08,1296.19
高粱单位面积产量(公斤/公顷),Heilongjiang,2009,6023.25,1296.19
其他谷物单位面积产量(公斤/公顷),Heilongjiang,2009,4167.52,1296.19
大麦单位面积产量(公斤/公顷),Heilongjiang,2009,4426.47,1296.19
豆类单位面积产量(公斤/公顷),Heilongjiang,2009,1449.27,1296.19
薯类单位面积产量(公斤/公顷),Heilongjiang,2009,3126.97,1296.19
棉花单位面积产量(公斤/公顷),Heilongjiang,2009,0.0,1296.19
油料单位面积产量(公斤/公顷),Heilongjiang,2009,1387.02,1296.19
麻类单位面积产量(公斤/公顷),Heilongjiang,2009,3872.38,1296.19
烟叶单位面积产量(公斤/公顷),Heilongjiang,2009,2221.28,1296.19
烤烟单位面积产量(公斤/公顷),Heilongjiang,2009,2264.6,1296.19
糖料单位面积产量(公斤/公顷),Heilongjiang,2009,17222.48,1296.19
甘蔗单位面积产量(公斤/公顷),Heilongjiang,2009,0.0,1296.19
甜菜单位面积产量(公斤/公顷),Heilongjiang,2009,17222.48,1296.19
蔬菜单位面积产量(公斤/公顷),Heilongjiang,2009,37377.14,1296.19
粮食单位面积产量(公斤/公顷),Jilin,2009,5436.14,1423.32
夏收粮食单位面积产量(公斤/公顷),Jilin,2009,,1423.32
秋粮单位面积产量(公斤/公顷),Jilin,2009,5436.14,1423.32
谷物单位面积产量(公斤/公顷),Jilin,2009,6105.54,1423.32
小麦单位面积产量(公斤/公顷),Jilin,2009,2439.02,1423.32
玉米单位面积产量(公斤/公顷),Jilin,2009,5955.61,1423.32
谷子单位面积产量(公斤/公顷),Jilin,2009,1677.97,1423.32
高粱单位面积产量(公斤/公顷),Jilin,2009,2432.02,1423.32
其他谷物单位面积产量(公斤/公顷),Jilin,2009,1426.81,1423.32
大麦单位面积产量(公斤/公顷),Jilin,2009,,1423.32
豆类单位面积产量(公斤/公顷),Jilin,2009,1694.92,1423.32
薯类单位面积产量(公斤/公顷),Jilin,2009,2783.82,1423.32
棉花单位面积产量(公斤/公顷),Jilin,2009,1229.13,1423.32
油料单位面积产量(公斤/公顷),Jilin,2009,2074.44,1423.32
麻类单位面积产量(公斤/公顷),Jilin,2009,1001.93,1423.32
烟叶单位面积产量(公斤/公顷),Jilin,2009,2845.08,1423.32
烤烟单位面积产量(公斤/公顷),Jilin,2009,2683.17,1423.32
糖料单位面积产量(公斤/公顷),Jilin,2009,28130.73,1423.32
甘蔗单位面积产量(公斤/公顷),Jilin,2009,0.0,1423.32
甜菜单位面积产量(公斤/公顷),Jilin,2009,28130.73,1423.32
蔬菜单位面积产量(公斤/公顷),Jilin,2009,60561.13,1423.32
粮食单位面积产量(公斤/公顷),Liaoning,2009,5125.01,1846.63
夏收粮食单位面积产量(公斤/公顷),Liaoning,2009,,1846.63
秋粮单位面积产量(公斤/公顷),Liaoning,2009,5125.01,1846.63
谷物单位面积产量(公斤/公顷),Liaoning,2009,5317.83,1846.63
小麦单位面积产量(公斤/公顷),Liaoning,2009,5113.64,1846.63
玉米单位面积产量(公斤/公顷),Liaoning,2009,4903.52,1846.63
谷子单位面积产量(公斤/公顷),Liaoning,2009,1727.69,1846.63
高粱单位面积产量(公斤/公顷),Liaoning,2009,2405.46,1846.63
其他谷物单位面积产量(公斤/公顷),Liaoning,2009,1538.46,1846.63
大麦单位面积产量(公斤/公顷),Liaoning,2009,,1846.63
豆类单位面积产量(公斤/公顷),Liaoning,2009,1745.75,1846.63
薯类单位面积产量(公斤/公顷),Liaoning,2009,4540.49,1846.63
棉花单位面积产量(公斤/公顷),Liaoning,2009,970.59,1846.63
油料单位面积产量(公斤/公顷),Liaoning,2009,2079.03,1846.63
麻类单位面积产量(公斤/公顷),Liaoning,2009,6265.8,1846.63
烟叶单位面积产量(公斤/公顷),Liaoning,2009,2499.94,1846.63
烤烟单位面积产量(公斤/公顷),Liaoning,2009,2526.86,1846.63
糖料单位面积产量(公斤/公顷),Liaoning,2009,33589.08,1846.63
甘蔗单位面积产量(公斤/公顷),Liaoning,2009,0.0,1846.63
甜菜单位面积产量(公斤/公顷),Liaoning,2009,33589.08,1846.63
蔬菜单位面积产量(公斤/公顷),Liaoning,2009,65852.12,1846.63
粮食单位面积产量(公斤/公顷),Heilongjiang,2008,4032.81,1512.94
夏收粮食单位面积产量(公斤/公顷),Heilongjiang,2008,,1512.94
秋粮单位面积产量(公斤/公顷),Heilongjiang,2008,4032.81,1512.94
谷物单位面积产量(公斤/公顷),Heilongjiang,2008,5718.36,1512.94
小麦单位面积产量(公斤/公顷),Heilongjiang,2008,3747.91,1512.94
玉米单位面积产量(公斤/公顷),Heilongjiang,2008,4976.16,1512.94
谷子单位面积产量(公斤/公顷),Heilongjiang,2008,1644.74,1512.94
高粱单位面积产量(公斤/公顷),Heilongjiang,2008,5447.07,1512.94
其他谷物单位面积产量(公斤/公顷),Heilongjiang,2008,4923.11,1512.94
大麦单位面积产量(公斤/公顷),Heilongjiang,2008,5223.79,1512.94
豆类单位面积产量(公斤/公顷),Heilongjiang,2008,1506.04,1512.94
薯类单位面积产量(公斤/公顷),Heilongjiang,2008,2415.95,1512.94
棉花单位面积产量(公斤/公顷),Heilongjiang,2008,0.0,1512.94
油料单位面积产量(公斤/公顷),Heilongjiang,2008,1302.27,1512.94
麻类单位面积产量(公斤/公顷),Heilongjiang,2008,3980.5,1512.94
烟叶单位面积产量(公斤/公顷),Heilongjiang,2008,2340.23,1512.94
烤烟单位面积产量(公斤/公顷),Heilongjiang,2008,2387.51,1512.94
糖料单位面积产量(公斤/公顷),Heilongjiang,2008,28761.06,1512.94
甘蔗单位面积产量(公斤/公顷),Heilongjiang,2008,0.0,1512.94
甜菜单位面积产量(公斤/公顷),Heilongjiang,2008,28761.06,1512.94
蔬菜单位面积产量(公斤/公顷),Heilongjiang,2008,36770.94,1512.94
粮食单位面积产量(公斤/公顷),Jilin,2008,6358.37,1488.96
夏收粮食单位面积产量(公斤/公顷),Jilin,2008,,1488.96
秋粮单位面积产量(公斤/公顷),Jilin,2008,6358.37,1488.96
谷物单位面积产量(公斤/公顷),Jilin,2008,7205.21,1488.96
小麦单位面积产量(公斤/公顷),Jilin,2008,3140.35,1488.96
玉米单位面积产量(公斤/公顷),Jilin,2008,7127.46,1488.96
谷子单位面积产量(公斤/公顷),Jilin,2008,1269.47,1488.96
高粱单位面积产量(公斤/公顷),Jilin,2008,2764.99,1488.96
其他谷物单位面积产量(公斤/公顷),Jilin,2008,3092.11,1488.96
大麦单位面积产量(公斤/公顷),Jilin,2008,,1488.96
豆类单位面积产量(公斤/公顷),Jilin,2008,1710.64,1488.96
薯类单位面积产量(公斤/公顷),Jilin,2008,3056.3,1488.96
棉花单位面积产量(公斤/公顷),Jilin,2008,2216.9,1488.96
油料单位面积产量(公斤/公顷),Jilin,2008,2441.6,1488.96
麻类单位面积产量(公斤/公顷),Jilin,2008,3581.29,1488.96
烟叶单位面积产量(公斤/公顷),Jilin,2008,2965.5,1488.96
烤烟单位面积产量(公斤/公顷),Jilin,2008,2352.03,1488.96
糖料单位面积产量(公斤/公顷),Jilin,2008,34192.9,1488.96
甘蔗单位面积产量(公斤/公顷),Jilin,2008,0.0,1488.96
甜菜单位面积产量(公斤/公顷),Jilin,2008,34192.9,1488.96
蔬菜单位面积产量(公斤/公顷),Jilin,2008,58837.53,1488.96
粮食单位面积产量(公斤/公顷),Liaoning,2008,6169.64,1825.19
夏收粮食单位面积产量(公斤/公顷),Liaoning,2008,,1825.19
秋粮单位面积产量(公斤/公顷),Liaoning,2008,6169.64,1825.19
谷物单位面积产量(公斤/公顷),Liaoning,2008,6433.78,1825.19
小麦单位面积产量(公斤/公顷),Liaoning,2008,4757.28,1825.19
玉米单位面积产量(公斤/公顷),Liaoning,2008,6308.03,1825.19
谷子单位面积产量(公斤/公顷),Liaoning,2008,2680.68,1825.19
高粱单位面积产量(公斤/公顷),Liaoning,2008,4387.9,1825.19
其他谷物单位面积产量(公斤/公顷),Liaoning,2008,2246.58,1825.19
大麦单位面积产量(公斤/公顷),Liaoning,2008,,1825.19
豆类单位面积产量(公斤/公顷),Liaoning,2008,2590.19,1825.19
薯类单位面积产量(公斤/公顷),Liaoning,2008,5122.09,1825.19
棉花单位面积产量(公斤/公顷),Liaoning,2008,1410.56,1825.19
油料单位面积产量(公斤/公顷),Liaoning,2008,2747.57,1825.19
麻类单位面积产量(公斤/公顷),Liaoning,2008,6151.72,1825.19
烟叶单位面积产量(公斤/公顷),Liaoning,2008,2741.69,1825.19
烤烟单位面积产量(公斤/公顷),Liaoning,2008,2728.97,1825.19
糖料单位面积产量(公斤/公顷),Liaoning,2008,37037.06,1825.19
甘蔗单位面积产量(公斤/公顷),Liaoning,2008,0.0,1825.19
甜菜单位面积产量(公斤/公顷),Liaoning,2008,37037.06,1825.19
蔬菜单位面积产量(公斤/公顷),Liaoning,2008,59461.24,1825.19
粮食单位面积产量(公斤/公顷),Heilongjiang,2007,3471.27,1563.37
夏收粮食单位面积产量(公斤/公顷),Heilongjiang,2007,,1563.37
秋粮单位面积产量(公斤/公顷),Heilongjiang,2007,3471.27,1563.37
谷物单位面积产量(公斤/公顷),Heilongjiang,2007,5013.21,1563.37
小麦单位面积产量(公斤/公顷),Heilongjiang,2007,2952.36,1563.37
玉米单位面积产量(公斤/公顷),Heilongjiang,2007,3921.01,1563.37
谷子单位面积产量(公斤/公顷),Heilongjiang,2007,1666.67,1563.37
高粱单位面积产量(公斤/公顷),Heilongjiang,2007,3053.09,1563.37
其他谷物单位面积产量(公斤/公顷),Heilongjiang,2007,3620.41,1563.37
大麦单位面积产量(公斤/公顷),Heilongjiang,2007,4047.62,1563.37
豆类单位面积产量(公斤/公顷),Heilongjiang,2007,1112.84,1563.37
薯类单位面积产量(公斤/公顷),Heilongjiang,2007,3205.1,1563.37
棉花单位面积产量(公斤/公顷),Heilongjiang,2007,0.0,1563.37
油料单位面积产量(公斤/公顷),Heilongjiang,2007,1362.24,1563.37
麻类单位面积产量(公斤/公顷),Heilongjiang,2007,3524.73,1563.37
烟叶单位面积产量(公斤/公顷),Heilongjiang,2007,2158.84,1563.37
烤烟单位面积产量(公斤/公顷),Heilongjiang,2007,2429.08,1563.37
糖料单位面积产量(公斤/公顷),Heilongjiang,2007,26358.89,1563.37
甘蔗单位面积产量(公斤/公顷),Heilongjiang,2007,0.0,1563.37
甜菜单位面积产量(公斤/公顷),Heilongjiang,2007,26358.89,1563.37
蔬菜单位面积产量(公斤/公顷),Heilongjiang,2007,36357.56,1563.37
粮食单位面积产量(公斤/公顷),Jilin,2007,5450.66,1589.72
夏收粮食单位面积产量(公斤/公顷),Jilin,2007,,1589.72
秋粮单位面积产量(公斤/公顷),Jilin,2007,5450.66,1589.72
谷物单位面积产量(公斤/公顷),Jilin,2007,6137.77,1589.72
小麦单位面积产量(公斤/公顷),Jilin,2007,2875.7,1589.72
玉米单位面积产量(公斤/公顷),Jilin,2007,6168.97,1589.72
谷子单位面积产量(公斤/公顷),Jilin,2007,867.33,1589.72
高粱单位面积产量(公斤/公顷),Jilin,2007,2085.08,1589.72
其他谷物单位面积产量(公斤/公顷),Jilin,2007,703.67,1589.72
大麦单位面积产量(公斤/公顷),Jilin,2007,,1589.72
豆类单位面积产量(公斤/公顷),Jilin,2007,1573.26,1589.72
薯类单位面积产量(公斤/公顷),Jilin,2007,2462.62,1589.72
棉花单位面积产量(公斤/公顷),Jilin,2007,943.4,1589.72
油料单位面积产量(公斤/公顷),Jilin,2007,1180.0,1589.72
麻类单位面积产量(公斤/公顷),Jilin,2007,3571.45,1589.72
烟叶单位面积产量(公斤/公顷),Jilin,2007,2903.5,1589.72
烤烟单位面积产量(公斤/公顷),Jilin,2007,1777.4,1589.72
糖料单位面积产量(公斤/公顷),Jilin,2007,17857.1,1589.72
甘蔗单位面积产量(公斤/公顷),Jilin,2007,0.0,1589.72
甜菜单位面积产量(公斤/公顷),Jilin,2007,17857.1,1589.72
蔬菜单位面积产量(公斤/公顷),Jilin,2007,53660.72,1589.72
粮食单位面积产量(公斤/公顷),Liaoning,2007,5880.96,1941.73
夏收粮食单位面积产量(公斤/公顷),Liaoning,2007,,1941.73
秋粮单位面积产量(公斤/公顷),Liaoning,2007,5880.96,1941.73
谷物单位面积产量(公斤/公顷),Liaoning,2007,6071.84,1941.73
小麦单位面积产量(公斤/公顷),Liaoning,2007,4274.19,1941.73
玉米单位面积产量(公斤/公顷),Liaoning,2007,5843.09,1941.73
谷子单位面积产量(公斤/公顷),Liaoning,2007,2822.38,1941.73
高粱单位面积产量(公斤/公顷),Liaoning,2007,4547.59,1941.73
其他谷物单位面积产量(公斤/公顷),Liaoning,2007,1975.31,1941.73
大麦单位面积产量(公斤/公顷),Liaoning,2007,,1941.73
豆类单位面积产量(公斤/公顷),Liaoning,2007,2387.99,1941.73
薯类单位面积产量(公斤/公顷),Liaoning,2007,5277.83,1941.73
棉花单位面积产量(公斤/公顷),Liaoning,2007,1501.86,1941.73
油料单位面积产量(公斤/公顷),Liaoning,2007,2589.78,1941.73
麻类单位面积产量(公斤/公顷),Liaoning,2007,6128.82,1941.73
烟叶单位面积产量(公斤/公顷),Liaoning,2007,2804.97,1941.73
烤烟单位面积产量(公斤/公顷),Liaoning,2007,2489.27,1941.73
糖料单位面积产量(公斤/公顷),Liaoning,2007,38412.76,1941.73
甘蔗单位面积产量(公斤/公顷),Liaoning,2007,0.0,1941.73
甜菜单位面积产量(公斤/公顷),Liaoning,2007,38412.76,1941.73
蔬菜单位面积产量(公斤/公顷),Liaoning,2007,61334.92,1941.73
粮食单位面积产量(公斤/公顷),Heilongjiang,2006,3651.53,1455.2
夏收粮食单位面积产量(公斤/公顷),Heilongjiang,2006,,1455.2
秋粮单位面积产量(公斤/公顷),Heilongjiang,2006,3651.53,1455.2
谷物单位面积产量(公斤/公顷),Heilongjiang,2006,5283.94,1455.2
小麦单位面积产量(公斤/公顷),Heilongjiang,2006,3819.77,1455.2
玉米单位面积产量(公斤/公顷),Heilongjiang,2006,4589.83,1455.2
谷子单位面积产量(公斤/公顷),Heilongjiang,2006,2116.56,1455.2
高粱单位面积产量(公斤/公顷),Heilongjiang,2006,3373.73,1455.2
其他谷物单位面积产量(公斤/公顷),Heilongjiang,2006,3882.12,1455.2
大麦单位面积产量(公斤/公顷),Heilongjiang,2006,4593.74,1455.2
豆类单位面积产量(公斤/公顷),Heilongjiang,2006,1515.71,1455.2
薯类单位面积产量(公斤/公顷),Heilongjiang,2006,5058.1,1455.2
棉花单位面积产量(公斤/公顷),Heilongjiang,2006,0.0,1455.2
油料单位面积产量(公斤/公顷),Heilongjiang,2006,1465.97,1455.2
麻类单位面积产量(公斤/公顷),Heilongjiang,2006,5286.33,1455.2
烟叶单位面积产量(公斤/公顷),Heilongjiang,2006,2947.37,1455.2
烤烟单位面积产量(公斤/公顷),Heilongjiang,2006,3290.58,1455.2
糖料单位面积产量(公斤/公顷),Heilongjiang,2006,18448.28,1455.2
甘蔗单位面积产量(公斤/公顷),Heilongjiang,2006,0.0,1455.2
甜菜单位面积产量(公斤/公顷),Heilongjiang,2006,18448.28,1455.2
蔬菜单位面积产量(公斤/公顷),Heilongjiang,2006,36234.0,1455.2
粮食单位面积产量(公斤/公顷),Jilin,2006,6433.93,1483.72
夏收粮食单位面积产量(公斤/公顷),Jilin,2006,,1483.72
秋粮单位面积产量(公斤/公顷),Jilin,2006,6433.93,1483.72
谷物单位面积产量(公斤/公顷),Jilin,2006,6767.52,1483.72
小麦单位面积产量(公斤/公顷),Jilin,2006,2727.27,1483.72
玉米单位面积产量(公斤/公顷),Jilin,2006,7071.55,1483.72
谷子单位面积产量(公斤/公顷),Jilin,2006,3973.81,1483.72
高粱单位面积产量(公斤/公顷),Jilin,2006,2017.07,1483.72
其他谷物单位面积产量(公斤/公顷),Jilin,2006,3256.75,1483.72
大麦单位面积产量(公斤/公顷),Jilin,2006,0.0,1483.72
豆类单位面积产量(公斤/公顷),Jilin,2006,3720.77,1483.72
薯类单位面积产量(公斤/公顷),Jilin,2006,2621.72,1483.72
棉花单位面积产量(公斤/公顷),Jilin,2006,0.0,1483.72
油料单位面积产量(公斤/公顷),Jilin,2006,2027.82,1483.72
麻类单位面积产量(公斤/公顷),Jilin,2006,3189.47,1483.72
烟叶单位面积产量(公斤/公顷),Jilin,2006,2965.46,1483.72
烤烟单位面积产量(公斤/公顷),Jilin,2006,2392.48,1483.72
糖料单位面积产量(公斤/公顷),Jilin,2006,24836.6,1483.72
甘蔗单位面积产量(公斤/公顷),Jilin,2006,0.0,1483.72
甜菜单位面积产量(公斤/公顷),Jilin,2006,24836.6,1483.72
蔬菜单位面积产量(公斤/公顷),Jilin,2006,34007.77,1483.72
粮食单位面积产量(公斤/公顷),Liaoning,2006,5816.06,1848.77
夏收粮食单位面积产量(公斤/公顷),Liaoning,2006,5444.6,1848.77
秋粮单位面积产量(公斤/公顷),Liaoning,2006,5824.95,1848.77
谷物单位面积产量(公斤/公顷),Liaoning,2006,6024.15,1848.77
小麦单位面积产量(公斤/公顷),Liaoning,2006,3875.0,1848.77
玉米单位面积产量(公斤/公顷),Liaoning,2006,6109.14,1848.77
谷子单位面积产量(公斤/公顷),Liaoning,2006,2162.0,1848.77
高粱单位面积产量(公斤/公顷),Liaoning,2006,4281.53,1848.77
其他谷物单位面积产量(公斤/公顷),Liaoning,2006,2049.75,1848.77
大麦单位面积产量(公斤/公顷),Liaoning,2006,,1848.77
豆类单位面积产量(公斤/公顷),Liaoning,2006,2677.79,1848.77
薯类单位面积产量(公斤/公顷),Liaoning,2006,4658.36,1848.77
棉花单位面积产量(公斤/公顷),Liaoning,2006,1307.19,1848.77
油料单位面积产量(公斤/公顷),Liaoning,2006,2411.52,1848.77
麻类单位面积产量(公斤/公顷),Liaoning,2006,1200.0,1848.77
烟叶单位面积产量(公斤/公顷),Liaoning,2006,3229.29,1848.77
烤烟单位面积产量(公斤/公顷),Liaoning,2006,3230.97,1848.77
糖料单位面积产量(公斤/公顷),Liaoning,2006,37500.0,1848.77
甘蔗单位面积产量(公斤/公顷),Liaoning,2006,0.0,1848.77
甜菜单位面积产量(公斤/公顷),Liaoning,2006,37500.0,1848.77
蔬菜单位面积产量(公斤/公顷),Liaoning,2006,60163.28,1848.77
粮食单位面积产量(公斤/公顷),Heilongjiang,2005,3574.24,1351.42
夏收粮食单位面积产量(公斤/公顷),Heilongjiang,2005,,1351.42
秋粮单位面积产量(公斤/公顷),Heilongjiang,2005,3574.24,1351.42
谷物单位面积产量(公斤/公顷),Heilongjiang,2005,5384.12,1351.42
小麦单位面积产量(公斤/公顷),Heilongjiang,2005,3782.7,1351.42
玉米单位面积产量(公斤/公顷),Heilongjiang,2005,4697.32,1351.42
谷子单位面积产量(公斤/公顷),Heilongjiang,2005,1784.78,1351.42
高粱单位面积产量(公斤/公顷),Heilongjiang,2005,3593.31,1351.42
其他谷物单位面积产量(公斤/公顷),Heilongjiang,2005,3795.05,1351.42
大麦单位面积产量(公斤/公顷),Heilongjiang,2005,3739.0,1351.42
豆类单位面积产量(公斤/公顷),Heilongjiang,2005,1686.51,1351.42
薯类单位面积产量(公斤/公顷),Heilongjiang,2005,2899.37,1351.42
棉花单位面积产量(公斤/公顷),Heilongjiang,2005,0.0,1351.42
油料单位面积产量(公斤/公顷),Heilongjiang,2005,1476.66,1351.42
麻类单位面积产量(公斤/公顷),Heilongjiang,2005,4266.54,1351.42
烟叶单位面积产量(公斤/公顷),Heilongjiang,2005,1746.26,1351.42
烤烟单位面积产量(公斤/公顷),Heilongjiang,2005,1849.99,1351.42
糖料单位面积产量(公斤/公顷),Heilongjiang,2005,19264.23,1351.42
甘蔗单位面积产量(公斤/公顷),Heilongjiang,2005,0.0,1351.42
甜菜单位面积产量(公斤/公顷),Heilongjiang,2005,19264.23,1351.42
蔬菜单位面积产量(公斤/公顷),Heilongjiang,2005,34600.51,1351.42
粮食单位面积产量(公斤/公顷),Jilin,2005,6010.5,1413.25
夏收粮食单位面积产量(公斤/公顷),Jilin,2005,,1413.25
秋粮单位面积产量(公斤/公顷),Jilin,2005,6010.5,1413.25
谷物单位面积产量(公斤/公顷),Jilin,2005,6618.53,1413.25
小麦单位面积产量(公斤/公顷),Jilin,2005,2821.05,1413.25
玉米单位面积产量(公斤/公顷),Jilin,2005,6488.61,1413.25
谷子单位面积产量(公斤/公顷),Jilin,2005,3336.07,1413.25
高粱单位面积产量(公斤/公顷),Jilin,2005,7745.31,1413.25
其他谷物单位面积产量(公斤/公顷),Jilin,2005,3136.61,1413.25
大麦单位面积产量(公斤/公顷),Jilin,2005,,1413.25
豆类单位面积产量(公斤/公顷),Jilin,2005,2414.76,1413.25
薯类单位面积产量(公斤/公顷),Jilin,2005,7079.29,1413.25
棉花单位面积产量(公斤/公顷),Jilin,2005,1665.05,1413.25
油料单位面积产量(公斤/公顷),Jilin,2005,1887.59,1413.25
麻类单位面积产量(公斤/公顷),Jilin,2005,3784.47,1413.25
烟叶单位面积产量(公斤/公顷),Jilin,2005,2643.73,1413.25
烤烟单位面积产量(公斤/公顷),Jilin,2005,1976.34,1413.25
糖料单位面积产量(公斤/公顷),Jilin,2005,26350.9,1413.25
甘蔗单位面积产量(公斤/公顷),Jilin,2005,0.0,1413.25
甜菜单位面积产量(公斤/公顷),Jilin,2005,26350.9,1413.25
蔬菜单位面积产量(公斤/公顷),Jilin,2005,39727.0,1413.25
粮食单位面积产量(公斤/公顷),Liaoning,2005,5720.18,1702.14
夏收粮食单位面积产量(公斤/公顷),Liaoning,2005,5006.45,1702.14
秋粮单位面积产量(公斤/公顷),Liaoning,2005,5738.78,1702.14
谷物单位面积产量(公斤/公顷),Liaoning,2005,6314.13,1702.14
小麦单位面积产量(公斤/公顷),Liaoning,2005,3542.6,1702.14
玉米单位面积产量(公斤/公顷),Liaoning,2005,6334.73,1702.14
谷子单位面积产量(公斤/公顷),Liaoning,2005,3016.57,1702.14
高粱单位面积产量(公斤/公顷),Liaoning,2005,5577.26,1702.14
其他谷物单位面积产量(公斤/公顷),Liaoning,2005,2384.26,1702.14
大麦单位面积产量(公斤/公顷),Liaoning,2005,,1702.14
豆类单位面积产量(公斤/公顷),Liaoning,2005,1480.48,1702.14
薯类单位面积产量(公斤/公顷),Liaoning,2005,3273.44,1702.14
棉花单位面积产量(公斤/公顷),Liaoning,2005,958.93,1702.14
油料单位面积产量(公斤/公顷),Liaoning,2005,1812.15,1702.14
麻类单位面积产量(公斤/公顷),Liaoning,2005,1140.0,1702.14
烟叶单位面积产量(公斤/公顷),Liaoning,2005,1728.99,1702.14
烤烟单位面积产量(公斤/公顷),Liaoning,2005,1715.78,1702.14
糖料单位面积产量(公斤/公顷),Liaoning,2005,29962.38,1702.14
甘蔗单位面积产量(公斤/公顷),Liaoning,2005,0.0,1702.14
甜菜单位面积产量(公斤/公顷),Liaoning,2005,29962.38,1702.14
蔬菜单位面积产量(公斤/公顷),Liaoning,2005,47251.25,1702.14
